name,buy
 Валентино Серена: Всех прекрасней. История Королевы ,1772
 Мосян Тунсю: Благословение небожителей. Том 1 ,730
" Жерихин Сергей Леонидович: Жись как она есь. #ТекстЫ среднего возраста про любовь, бородатого мальчика, женщин и счастье. То, что вы и сами знали, но боялись сказать ",235
" Примаченко Ольга Викторовна: К себе нежно. Книга о том, как ценить и беречь себя ",2264
 Гор Анастасия: Ковен тысячи костей ,678
 Махёрин Шелби: Кровь и мёд. Продолжение бестселлера Змей и голубка ,2047
 Бернетт Фрэнсис Элиза Ходжсон: Таинственный сад ,829
 Фромм Эрих: Искусство любить ,5475
 Махёрин Шелби: Змей и голубка ,2143
 Абрамов Александр Викторович: Ген высоты. Откровенная история десятикратного восходителя на Эверест ,277
 Ли Бардуго: Штурм и буря ,4174
 Оруэлл Джордж: 1984 ,7216
 Ли Бардуго: Крах и восход ,4145
 Ли Бардуго: Продажное королевство ,4454
 Ли Бардуго: Король шрамов ,2249
 Олкотт Луиза Мэй: Маленькие женщины ,2950
 Камша Вера Викторовна: От войны до войны ,232
 Стеффи Лия: Мутный ,1013
 Бейли Эллен: 100 занятий для девочек на каждый день ,899
 Ле Теллье Эрве: Аномалия ,274
" Гюго Виктор: Человек, который смеется ",1317
 Смит Бетти: А наутро радость ,105
 Агата Кристи: Место назначения неизвестно ,174
 Система минус 60. Похудение без запретов и срывов ,217
 Целлариус Алексей Юрьевич: Нескучная биология ,2247
 Хлебова Вероника: Сепарация: как перестать зависеть от других людей ,443
 Кафка Франц: Процесс ,1326
 Голден Артур: Мемуары гейши ,1383
 Толстой Лев Николаевич: Анна Каренина ,851
 Мист Магнус: Маленькая злая книга 2 ,3660
 Эко Умберто: Имя розы ,1791
 Лем Станислав: Солярис ,1291
" Карнеги Дейл: Искусство завоевывать друзей и оказывать влияние на людей, эффективно общаться и расти как личность ",2100
 Баркер Клайв: Восставший из ада. Ночной народ ,74
 Кинг Стивен: Кристина ,918
 Клуб убийств по четвергам ,1030
 Пять ночей у Фредди. Четвёртый шкаф ,1438
 Монкомбл Морган: Давай любить друг друга ,75
 ЩиБорщи. Счастье есть дома. Книга быстрых жизненных рецептов для начинающих ,100
 Мари Аннетт: Алая зима ,1140
 Райан Лекси: Эти лживые клятвы ,204
 Стейнбек Джон: О мышах и людях. Жемчужина ,1403
 Коэльо Пауло: Алхимик ,1812
" Герберт Брайан, Андерсон Кевин: Дюна: Дом Коррино ",100
 Скотт Эмма: Как спасти жизнь ,555
 Теория Всего ,259
 Немцова Наталия Леонидовна: Сказки для почемучки ,2547
 Гонзалес Софи: Прекрасно в теории ,98
 Сент-Экзюпери Антуан де: Маленький принц ,1253
" Адамс Дуглас: Автостопом по Галактике. Ресторан ""У конца Вселенной"" ",1503
 Лем Станислав: Вторжение с Альдебарана ,88
 Арзамасова Е.: Костик из Солнечного переулка. Истории о самом важном для маленьких взрослых и огромных детей ,287
 Кинг Стивен: Куджо ,1152
" Синсеро Джен: НЕ НОЙ. Вековая мудрость, которая гласит: хватит жаловаться пора становиться богатым ",643
 Лукьяненко Сергей Васильевич: Три дня Индиго ,333
 Крейн Антонина: Шолох. Призрачные рощи ,148
 Слотер Карин: Хорошая дочь ,171
 Кинг Стивен: Страна радости ,914
 Холл Алексис: Идеальный парень ,546
 Бронте Энн: Незнакомка из Уайлдфелл-Холла ,613
 Дуглас Пенелопа: Убежище ,129
 Кнаак Ричард А.: World of Warcraft. Крыло тени: Нексус ,84
 Оруэлл Джордж: Скотный двор. Эссе ,1623
 Перельман Яков Исидорович: Головоломки и задачи ,2288
 Стивенсон Роберт Льюис: Странная история доктора Джекила и мистера Хайда ,2099
 Лукьяненко Сергей Васильевич: Семь дней до Мегиддо ,425
 Мейер Марисса: Звезды над нами ,844
" Кинг Стивен: Девочка, которая любила Тома Гордона ",831
 Арден Лия: Золото в тёмной ночи ,1303
 Глуховский Дмитрий Алексеевич: Метро 2033 ,1097
 Макьюэн Иэн: Невыносимая любовь ,1477
 Хайд Кэтрин Райан: Заплати другому ,500
 Сент-Экзюпери Антуан де: Маленький принц ,3705
 Мейер Марисса: Мгновенная карма ,206
 Демина Карина: Одиночество и тьма. На краю одиночества ,75
 Коутон Скотт: Журнал по выживанию ,686
 Блэк Холли: Белая кошка ,231
 Воннегут Курт: Бойня №5 ,1181
 Агата Кристи: Объявлено убийство ,332
 Гонзалес Софи: Всего лишь полностью раздавлен ,695
 Кинг Стивен: 11/22/63 ,2665
 Маркес Габриэль Гарсиа: Сто лет одиночества ,2508
 Кинг Стивен: Игра Джералда ,1060
 Моэм Сомерсет: Театр ,1248
 Шэн Л. Дж.: Школа Всех Святых. Жестокий бог ,423
 Стивотер Мэгги: Сновидец. Мистер Невозможность ,76
" Вейер Энди: Проект ""Аве Мария"" ",436
" Мужицкая Татьяна Владимировна: Мне все льзя. О том, как найти свое призвание и самого себя ",647
 Спаркс Николас: Дневник памяти ,1671
 Тевис Уолтер: Ход королевы ,2187
 Петрановская Людмила Владимировна: Если с ребенком трудно ,4951
 Арден Лия: Безупречная Луна ,944
 Маррс Джон: The One. Единственный ,892
 Джеймс Эрика: Грей. Кристиан Грей о пятидесяти оттенках ,1344
" Сакс Оливер: Человек, который принял жену за шляпу, и другие истории из врачебной практики ",2822
 Мудрость толпы ,435
 Инкрайт Фез: Яды и проклятия. Теневая жизнь растений ,147
" Психотрюки. 69 приемов в общении, которым не учат в школе ",522
 Мертвая зона ,303
 Брэнди Меган: Неприятности в старшей школе ,568
 Теккерей Уильям Мейкпис: Ярмарка тщеславия ,1535
 Толстой Лев Николаевич: Война и мир (комплект из 2 книг) ,495
" Хэлл Рон, Томалин Николас: Гонка века. Самая громкая авантюра столетия (кинообложка) ",649
 Марков Алексей Викторович: Хулиномика 4.0: хулиганская экономика. Ещё толще. Ещё длиннее ,654
 Кинг Стивен: Мизери ,1592
 Кинг Стивен: Лавка дурных снов ,615
 Моэм Сомерсет: На вилле ,89
 Валентино Серена: Круэлла де Виль. История злодейки с разбитым сердцем ,968
 Вялов Сергей Сергеевич: Гастро-книга: Пищеварение вдоль и поперек ,1431
 Остен Джейн: Доводы рассудка ,513
 Кинси Ти: Тихая сельская жизнь ,188
 Скотт Эмма: Потерянные души. Девушка из песни ,438
 Кнаак Ричард А.: World of Warcraft. Крыло тени: Драконы Запределья ,95
 Кинг Стивен: Доктор Сон ,1309
 Набоков Владимир Владимирович: Лолита ,424
 Роджерсон Маргарет: Магия шипов ,197
 Мопассан Ги де: Милый друг ,869
 Кровь звезд. Сплетая рассвет (#1) (новое оформление) ,203
 Кинг Стивен: Мешок с костями ,911
" Что-то не так с Гэлвинами. Идеальная семья, разрушенная безумием ",631
 Диккенс Чарльз: Большие надежды ,1153
 Хейли Артур: Отель ,2429
 Мизери ,370
 Уиндем Джон: День триффидов ,1206
 Гоголь Николай Васильевич: Мертвые души ,703
 Лондон Джек: Странник по звездам ,1000
 Юстис Рей: Духовка Сильвии Плат ,249
 Достоевский Федор Михайлович: Игрок ,720
 Лондон Джек: Маленькая хозяйка Большого дома ,1617
 Янагихара Ханья: Маленькая жизнь ,2261
 Сафонова Евгения Сергеевна: Лунный ветер ,75
 Кинг Стивен: Под Куполом ,1614
 Кинг Стивен: Долорес Клейборн ,108
 Кнаак Ричард А.: World of Warcraft. Ночь дракона ,72
 7 ключей к своему здоровью. Практическая нутрициология ,678
 Дуглас Пенелопа: Агрессор ,351
 Дойл Артур Конан: Тайна поместья Горсторп ,196
 Уатт Эрин: Расколотое королевство ,1083
 Уатт Эрин: Отвергнутый наследник ,1197
 Кинг Стивен: Сияние ,2947
" Харман Дильшат Догановна, Зотов Сергей Олегович: Средневековая магия. Визуальная история ведьм и колдунов ",217
 Ефиминюк Марина Владимировна: Идеальное совпадение ,75
 Уайт Кирстен: Гости на Саут-Бэттери ,79
 Манискалко Керри: Побег от Гудини. Охота на дьявола ,1125
 Ангельская сага. Гнев ангелов ,1124
 Герберт Фрэнк: Дюна: Дюна. Мессия Дюны. Дети Дюны ,1002
 Шваб Виктория: Тени сгущаются ,391
 Стругацкий Аркадий Натанович: Обитаемый остров ,396
" Тысяча поцелуев, которые невозможно забыть ",1514
 Оруэлл Джордж: 1984 ,1709
 Харлоу Мелани: Сведи меня с ума ,78
 Ерова Татьяна Александровна: Архитектурная азбука Петербурга: от акротерия до яблока ,135
 Ремарк Эрих Мария: Время жить и время умирать ,803
" Мужицкая Татьяна Владимировна: Теория невероятности. Как мечтать, чтобы сбывалось, как планировать, чтобы достигалось ",808
" Фабер Адель, Мазлиш Элейн: Как говорить, чтобы дети слушали, и как слушать, чтобы дети говорили ",2264
 Кинг Стивен: Оно ,2770
 Скотт Эмма: Влюбленные сердца. Дотянуться до звезд ,1215
 Амигуруми. Сладкое вязание крючком ,151
 Булач Меседу: Идеальная любовь неидеальных мам ,728
" Хочу и буду. 6 правил счастливой жизни, или Метод Лабковского в действии ",500
 Агата Кристи: Убийства по алфавиту ,538
 Свейструп С.: Каштановый человечек ,270
 Редвайн Си-Джей: Исполняющий Желания ,384
 Райли Люсинда: Семь сестер. Сестра солнца ,85
 Хейли Артур: Аэропорт ,1971
 Синсеро Джен: НИ СЫ. Будь уверен в своих силах и не позволяй сомнениям мешать тебе двигаться вперед ,4423
 Итагаки Пару: Beastars. Выдающиеся звери. Том 5 ,74
" Цимеринг Арина, Багрий Оксана: Правила выживания в Джакарте ",72
 Мейер Марисса: Кто на свете всех прекрасней? ,968
 Уатт Эрин: Запятнанная корона ,1105
 Вороновый круг. Воронята #1 ,2310
 Врана А. Дж.: Боги Черной Лощины ,74
 Акутагава Рюноскэ: В стране водяных ,146
 Акутагава Рюноскэ: Ворота Расёмон ,397
 Глуховский Дмитрий Алексеевич: Метро 2033. Метро 2034. Метро 2035 ,1243
 Кинг Стивен: Волки Кальи ,329
" Вялов Сергей Сергеевич: Неотложная помощь. Книга, которая спасает жизни ",210
 Тартт Донна: Щегол ,3408
 Рэйн Сола: Тафгай ,494
 Среди тысячи слов ,1036
 Кинг Стивен: Жребий Салема ,1000
 Рубина Дина Ильинична: Медная шкатулка ,1637
 Омер Майк: Как ты умрешь ,572
 Сэлинджер Джером Дэвид: Над пропастью во ржи ,203
 Скотт Эмма: Влюбленные сердца. Зажечь небеса ,994
 Юнг Карл Густав: Архетипы и коллективное бессознательное ,821
 Чайма Синда Уильямс: Король демонов ,406
 Беркхарт Джессика: Жизнь в моей голове ,429
 Лим Элизабет: Кровь звезд. Расплетая закат (#2) (новое оформление) ,172
" Дом Гуччи. Сенсационная история убийства, безумия, гламура и жадности ",647
 Зейналова Сакина Зульфуевна: Яды: вокруг и внутри. Путеводитель по самым опасным веществам на планете ,128
 Королевство Халенди. Щит магии ,376
 Глуховский Дмитрий Алексеевич: Метро 2035 ,896
 Дмитриева Вика Дмитриевна: Это же ребёнок! Школа адекватных родителей ,4104
 Таро. Полное руководство по чтению карт и предсказательной практике ,1308
 Шэн Л. Дж.: Святые Грешники. Скандальный ,73
 Сафон Карлос Руис: Город из пара ,102
 Райли Л.: Лавандовый сад ,101
 Гонг Хлоя: Эти бурные чувства ,154
 Мальдонадо Изабелла: Шифр ,151
 Майер Стефани: Солнце полуночи ,1160
 Агата Кристи: Тринадцать загадочных случаев ,303
 Уолинн Марк: Это началось не с тебя. Как мы наследуем негативные сценарии нашей семьи и как остановить их влияние ,1255
 Агата Кристи: Икс или игрек? ,244
 Шерри Ана: Я подарю тебе крылья. Книга 1 ,766
 Глуховский Дмитрий Алексеевич: Метро 2034 ,825
 Олкотт Луиза Мэй: Маленькие мужчины ,256
" Джон Грэй: Мужчины с Марса, женщины с Венеры. Новая версия для современного мира ",1970
 Логвин Янина Аркадьевна: Коломбина для рыжего ,199
 Чалдини Роберт: Психология влияния. Как научиться убеждать и добиваться успеха ,1572
 Клонис Лана: Книга Пепла ,83
 Нечитайло Фёдор Константинович: Земля Королей. Червовый том ,1059
 Мари Аннетт: Бессмертный огонь ,1015
 Уиндем Джон: Куколки ,956
 Кинг Стивен: Противостояние ,1570
 Акунин Борис: После тяжелой продолжительной болезни. Время Николая II ,477
 Каракур Юрий: Фарфор ,392
 Ангельская сага. Книга ангелов ,993
 Кинг Стивен: Дьюма-Ки ,649
 Сорокин Владимир Георгиевич: День опричника ,492
 Кинг Стивен: Сердца в Атлантиде ,75
 Катсу Алма: Глубина ,110
 Себастьян Лора: Замки на их костях ,108
 Конофальский Борис Вячеславович: Хоккенхаймская ведьма ,86
 Шваб Виктория: Сотворение света ,382
 Агата Кристи: Смерть на Ниле ,497
" Шталь Стефани: Ребенок в тебе должен обрести дом. Вернуться в детство, чтобы исправить взрослые ошибки ",309
 Моран Маша: Постучи в мою дверь. Отмеченная демоном ,75
 Золя Эмиль: Человек-зверь ,75
" Дружинина Марина Владимировна, Осеева Валентина Александровна, Лисаченко Алексей Владимирович: Смешные истории ",2902
 Коул Тилли: Братья Карилло. Когда мы упали ,273
 Глуховский Дмитрий Алексеевич: Пост ,453
 Анжело Алекс: Сон и Пепел ,433
 Герберт Фрэнк: Мессия Дюны. Дети Дюны ,1491
 Манискалко Керри: Царство Греха ,683
 Мист Магнус: Маленькая злая книга 3 ,2793
 Рейнолдс Элли: Дрожь ,102
 Энциклопедия цветовода ,75
 Песня вечных дождей ,431
 Шваб Виктория: Темный оттенок магии ,514
 Дрим Тория: Притворись бабочкой ,256
 Мид Райчел: Академия вампиров. Книга 1. Охотники и жертвы ,409
 Как король Эльфхейма научился ненавидеть истории ,1278
 Мужицкая Татьяна Владимировна: Роман с самим собой. Как уравновесить внутренние ян и инь и не отвлекаться на всякую хрень ,561
 Старк Кристина: Крылья ,1066
 Кинг Стивен: Институт ,1606
 Моэм Сомерсет: Бремя страстей человеческих ,1923
 Гюго Виктор: Последний день приговоренного к смерти ,522
 Камю Альбер: Чума ,1651
 Кинг Стивен: Нужные вещи ,1158
 Пять ночей у Фредди. Неправильные ,1682
 Кэрролл Льюис: Алиса в Стране чудес. Алиса в Зазеркалье ,700
 Герберт Фрэнк: Дюна: Бог-Император Дюны. Еретики Дюны. Капитул Дюны ,623
 Шэн Л. Дж.: Святые грешники. Бездушный ,479
 Шэн Л. Дж.: Школа Всех Святых. Сломленный рыцарь ,384
 Ангельская сага. Возвращение ангелов ,1160
 Янг Эдриенн: Небеса в бездне ,657
" Маршак Самуил Яковлевич, Михалков Сергей Владимирович, Козлов Сергей Григорьевич: Сказки о вежливости ",1850
" Дойл Артур Конан, Эджинтон Ян: Шерлок Холмс в комиксах. Этюд в багровых тонах ",532
 Леру Гастон: Призрак Оперы ,713
 Элрод Хэл: Магия утра. Как первый час дня определяет ваш успех ,2625
 Кинг Стивен: Роза Марена ,769
 Тургенев Иван Сергеевич: Отцы и дети ,895
 Арментроут Дженнифер: Обсидиан ,72
 Харт Уна: Когда запоют мертвецы ,250
 Уолпол Гораций: Замок Отранто ,359
 Кинг Стивен: Ветер сквозь замочную скважину ,852
 Шэн Л. Дж.: Похититель поцелуев ,563
 Призрачный двойник ,2123
 Шепчущий череп ,2138
 Кинси Ти: Леди на сельской ярмарке ,107
 Шеверс Дж. Э.: Хрустальные Звёзды ,142
" Маршак Самуил Яковлевич, Толстой Алексей Николаевич, Ушинский Константин Дмитриевич: Сказки от страхов ",1713
" Шафиева Ширин: Сальса, Веретено и ноль по Гринвичу ",232
 Хайд Кэтрин Райан: Когда ты был старше ,405
" Вороновый круг. Синяя лилия, лилия Блу ",1721
" Гейман Нил, Ридделл Крис: Коралина ",2497
 Зан Тимоти: Звёздные войны: Траун. Доминация. Высшее благо ,123
 Кричащая лестница ,2400
 Макдоннелл Куив: Странные времена. Предвиденные происшествия с бессмертными ,83
 Защита Лужина ,313
" Оливьери Якопо, Трояно Розальба: 20 необыкновенных мальчиков, изменивших мир ",470
 Маркетинг 5.0. Технологии следующего поколения ,84
" Ынсук Ким, Суён Ким: Гоблин. Останься со мной ",200
 Томас Эйден: Мальчики с кладбища ,75
 Устинова Татьяна Витальевна: Судьба по книге перемен ,276
 Джейн Анна: Музыкальный приворот ,440
 Кинг Стивен: Будет кровь ,945
 Шерри Ана: Ла Элиза ,381
 Абгарян Наринэ: Симон ,976
" Джером Клапка Джером: Трое в лодке, не считая собаки ",306
 Росснер Рина: Сестры Зимнего леса ,311
 Алые и серебряные. Алая королева ,1010
 Скотт Эмма: Безумная любовь. Не оставляй меня ,541
" Макарова Юлия Борисовна, Могилевский К.И., Эдельштейн М.Ю.: Собибор. Хроника восстания в лагере смерти ",672
 Дель Амо Жан-Батист: Звериное царство ,680
 Кинг Стивен: Как писать книги ,923
 Плат Сильвия: Под стеклянным колпаком ,612
 Чехов Антон Павлович: Вишневый сад ,635
" Вяжи как дизайнер! Универсальный курс по вязанию современной авторской одежды: конструкции, техники, расчеты, дизайн ",169
 Кинг Стивен: Воспламеняющая ,203
 Филимонова Лина: Золушка на час ,78
" Смит Уилл, Мэнсон Марк: Will. Чему может научить нас простой парень, ставший самым высокооплачиваемым актером Голливуда ",711
 Достоевский Федор Михайлович: Бесы ,113
 Мари Аннетт: Темная буря ,1029
 Кинг Стивен: Пост сдал ,639
" Кинг Стивен: Кто нашел, берет себе ",659
 Скотт Эмма: Сейчас и навечно ,74
 Итагаки Пару: Beastars. Выдающиеся звери. Том 4 ,100
 Вороновый круг. Похитители снов ,1951
 Стим Виолетта: Клуб Рейвен ,192
 Семь возрастов смерти. Путешествие судмедэксперта по жизни ,140
 Кинг Стивен: 11/22/63 ,417
 Набоков Владимир Владимирович: Камера обскура ,385
 Скотт Эмма: Пять минут жизни (новое оформление) ,381
 Рид Ава: Искренне ,292
" Козинаки Марина, Авдюхина Софи: Ярилина рукопись (в новой редакции) ",605
 Герберт Фрэнк: Дюна ,1097
 Кинг Стивен: 11/22/63 ,527
 Уотсон Джо: Пылающая луна ,600
 Хаксли Олдос: О дивный новый мир ,1075
 Тахир Саба: Факел в ночи ,75
 Кинг Стивен: Ночная смена ,779
 Обрезка садовых растений. Самоучитель в схемах и рисунках ,972
 Михаэлидес Алекс: Безмолвный пациент ,1700
 Кель Фрэнсис: Песнь Сорокопута ,145
" Харрис Роби, Эмберли Майкл: Давай поговорим про ЭТО: о девочках, мальчиках, младенцах, семьях и теле ",2136
" Парфенов Михаил Сергеевич, Кабир Максим Ахмадович: Самая страшная книга. 13 мертвецов ",98
 Джеймс Эрика: Свободный ,77
 Круиз с миллиардером ,169
 Лю Синтея: Я краснею ,75
 Тармашев Сергей Сергеевич: Древний. Предыстория. Книга девятая. Мирные времена ,959
 Акунин Борис: Царь-освободитель и царь-миротворец. Лекарство для империи ,607
 Герберт Фрэнк: Бог-Император Дюны ,551
" Ынсук Ким, Суён Ким: Гоблин. Романтическое заклятье ",291
 Сафонова Евгения Сергеевна: Карнавал лжи ,224
 Кинг Стивен: Зеленая миля ,482
 Кинг Стивен: Клатбище домашних жывотных ,464
 Левенселлер Триша: Тысяча островов. Дочь королевы сирен ,171
 Михалков Сергей Владимирович: Сказки о доброте ,1501
 Полл Лалин: Лед ,472
 Вороновый круг. Король воронов ,1857
 Ремарк Эрих Мария: Искра жизни ,988
 Фрейд Зигмунд: Введение в психоанализ ,1321
 Агата Кристи: Десять негритят ,74
" Марков Алексей Викторович: Лягушка, слон и брокколи. Как жить и как не надо ",91
 Паланик Чак: Рождение звука ,91
 Ночь в тоскливом октябре. Подарочное иллюстрированное издание ,498
 Джейн Анна: По ту сторону отражения. Музыкальный приворот ,444
 Сапковский Анджей: Сезон гроз. Дорога без возврата ,353
" Фрауд Брайан, Фрауд Венди: Тролли ",75
 Крейн Антонина: Шолох. Теневые блики ,695
 Безумная любовь. Не дай мне упасть ,533
 Кинг Стивен: Безнадега ,734
 Острые козырьки. Иллюстрированная история создания ,81
 Черкасова Ульяна: Золотые земли. Совиная башня ,318
 Ахдие Рене: Ярость и рассвет ,153
 Линч Карен: Пешка ,104
 Михалкова Елена Ивановна: Лягушачий король ,292
 Автостопом по мозгу. Когда вся вселенная у тебя в голове ,190
 Алые и серебряные. Разрушенный трон ,202
 Мист Магнус: Маленькая злая книга. Специальное издание. Читай с друзьями! ,495
 Герберт Фрэнк: Капитул Дюны ,464
 Сапковский Анджей: Последнее желание. Меч предназначения ,646
" Джи Уитни: Искренне Ваш, Картер ",398
 Дель Амо Жан-Батист: Соль ,576
 Сапковский Анджей: Кровь эльфов. Час презрения ,630
 Донцова Дарья Аркадьевна: Мамаша Бармалей ,75
 История с кладбищем ,1728
 Торн Александра: Голос во тьме ,84
 Стерлинг Изабель: Эти ведьмы не горят ,146
 Джонсон Сью: Обними меня крепче. 7 диалогов для любви на всю жизнь. Покетбук нов. ,86
 Брандис Катя: Тайна кита-оборотня ,249
 Еще одна станция ,215
 Данан Рози: Сосед ,179
 Чайма Синда Уильямс: Королева в изгнании ,296
" Гейман Нил, Пратчетт Терри: Благие знамения ",1222
 Дар. 12 ключей к внутреннему освобождению и обретению себя ,270
 Фромм Эрих: Искусство быть ,234
 Ли Бардуго: Язык шипов. Полуночные сказки и темное волшебство ,1291
 Грин Эллен Дж.: Лабиринты веры ,294
 Эллиот Лекси: Француженка по соседству ,434
 Зощенко Михаил Михайлович: Смешные рассказы для детей ,1028
 Золя Эмиль: Дамское счастье ,688
 Сапковский Анджей: Ведьмак: Владычица Озера ,1339
 Две жизни. Конкордия Антарова. Мистический роман с комментариями в четырех частях. Коллекционное оформление ,177
" Трояно Розальба: 20 необыкновенных девочек, изменивших мир ",349
 Шишонин Александр Юрьевич: Лечебная гимнастика для шеи и спины ,591
 Райя и последний дракон. Свет надежды ,317
 Скотт Эмма: Свет между нами ,686
 Хармон Эми: Песнь Давида ,478
 Фёллер Ева: Волшебная гондола ,443
 О'Доннелл Парэк: Дом в Вечерних песках ,142
 Шойнеманн Фрауке: Загадка сбежавшего сейфа ,1290
" да Винчи Леонардо: Сказки и истории о животных, людях и мире природы для маленьких и постарше ",294
" Гюго Виктор: Человек, который смеется ",237
 Манн Томас: Волшебная гора ,682
" Данилов Дмитрий Алексеевич: Саша, привет! ",90
 Сапковский Анджей: Ведьмак: Кровь эльфов ,1493
 Сокол Лена: Сердце на двоих ,74
 Кулинарная книга Гарри Поттера. Иллюстрированное неофициальное издание ,958
 Агата Кристи: Рождество Эркюля Пуаро ,200
 Уитакер Крис: Мы начинаем в конце ,410
 Мураками Харуки: Убийство Командора. Книга 2. Ускользающая метафора ,594
 Ранберг Сильвен: Миллениум. Девушка с татуировкой дракона ,575
 Уайльд Оскар: Портрет Дориана Грея ,539
 Пустая могила ,2107
" Коутон Скотт, Брид-Райсли Кира: Пять ночей у Фредди. Серебряные глаза ",2347
 Стейнбек Джон: К востоку от Эдема ,903
 Бликсен Карен: Из Африки ,93
 Герберт Фрэнк: Еретики Дюны ,507
 Нечитайло Фёдор Константинович: Земля Королей. Трефовый том ,3045
 Алые и серебряные. Клетка короля ,770
 Басинский Павел Валерьевич: Подлинная история Анны Карениной ,182
" Корелли Мария: Вендетта, или История всеми забытого ",74
 Кондрацкая Елена Анатольевна: У Ворона две жизни ,240
 Итагаки Пару: Beastars. Выдающиеся звери. Том 3 ,157
 Тейлор Мэри Эллен: Сад нашей памяти ,82
" Белоконь Ольга Александровна: Я - женщина. Все о женском здоровье, контрацепции, гормонах и многом другом ",1893
 Мураками Харуки: Убийство Командора. Книга 1. Возникновение замысла ,610
" Гудман Рут: Искусство провокации. Как толкали на преступления, пьянствовали и оправдывали разврат в Британии эпохи Возрождения. ",374
 Перез Себастьян: Элиза в сердце лабиринта ,905
 Браун Дэн: Код да Винчи ,876
" Фрей Эли: Ты убит, Стас Шутов ",286
 Ричардс Дуглас: Квантовое зеркало ,553
 Уилсон Сарая: Вот так соседка ,88
 Школа волшебства: тренируем математические навыки ,435
 Дэвис Барбара: Последняя из Лунных Дев ,91
 Диккер Жоэль: Правда о деле Гарри Квеберта ,2085
 Купи себе эти чертовы лилии. И другие целительные ритуалы для настройки своей жизни ,97
 Рубина Дина Ильинична: Маньяк Гуревич ,718
 Самый нескучный плед. Мозаичное вязание крючком. Практическое пособие и уникальная коллекция авторских узоров ,648
 Делон Дана: Под небом Парижа ,475
 Эхо Севера ,757
" Рыба и морепродукты. Закуски, супы, основные блюда и соусы ",306
 Хармон Эми: Закон Моисея ,525
 Лавкрафт Говард Филлипс: Миры Говарда Филлипса Лавкрафта. Иллюстрированная энциклопедия ,1838
 Сапковский Анджей: Ведьмак. Сезон гроз ,1271
 Косик Рафал: Четки ,72
 Шерри Ана: Я подарю тебе крылья. Книга 2 ,882
 Уиндем Джон: Кракен пробуждается. Паутина ,93
 Жить. Любить. Богатеть ,4356
 Вульф Тони: Рисуем с Тони Вульфом. 50 первых рисунков от простого к сложному ,145
 Дункан Эмили А.: Жестокие святые ,729
 Проуз Аманда: Что я натворила? ,469
 Агата Кристи: В 4:50 с вокзала Паддингтон ,189
" Невероятная история индийца, который поехал из Индии в Европу за любовью ",371
 Хассе Штефани: Поцелуй врага ,192
 Фрейд Зигмунд: Я и Оно ,611
 И меркнет свет ,193
 Пелевин Виктор Олегович: Transhumanism Inc. (Трансгуманизм Inc.) ,1297
 Рина Лин: Анимант Крамб. Книжные хроники Анимант Крамб ,1818
 Сапковский Анджей: Крещение огнем. Башня Ласточки ,484
 Сапковский Анджей: Владычица озера ,401
" Дмитриева Вика Дмитриевна: Это же любовь! Книга, которая помогает семьям ",4088
 Моэм Сомерсет: Узорный покров ,584
 Стеклянный меч #2 ,810
" Мечтатели. 34 известных писателя о путешествиях, которые изменили их навсегда (Lonely Planet) ",456
 Телли Андре Леон: Мои шифоновые окопы. Мемуары легенды Vogue ,105
 Готовим запеканки в мультиварке ,695
" Джи Уитни: Я забуду тебя, Итан ",297
 Джейн Анна: На крыльях. Музыкальный приворот ,324
" Диспенза Джо: Сила подсознания, или Как изменить жизнь за 4 недели ",2828
 Кинг Стивен: Долгая Прогулка. Бегущий человек ,251
 Тысяча островов. Дочь короля пиратов ,179
 Брэнди Меган: Парни из старшей школы ,469
 Гувер Колин: Сожалею о тебе ,260
 Неволина Екатерина Александровна: Глаза ее куклы ,337
 Сапковский Анджей: Владычица Озера ,620
 Сувада Эмили: Эта смертельная спираль ,848
 Жукова Олеся Станиславовна: Я учусь говорить ,484
 Сапковский Анджей: Ведьмак: Башня Ласточки ,1400
 Остен Джейн: Чувство и чувствительность ,569
 Ягодное настроение. Пироги и разная выпечка для летних дней ,273
 Сапковский Анджей: Ведьмак: Последнее желание ,1887
 Берг Ольга Федоровна: Путешествие к центру себя. Книга-тренинг по самопознанию ,115
 Набоков Владимир Владимирович: Бледный огонь ,188
 Абэ Тисато: Ворону не к лицу кимоно ,118
 Дэвис Амбер: Триггерные точки. Пошаговое руководство по терапии хронических мышечных и суставных болей ,280
 Кеннеди Эль: Вызов ,285
 Рид Ава: Крылья из дыма и золота ,439
 Магия Джека Фроста. Буря времен года ,604
" Вялов Сергей Сергеевич: О чем молчит печень. Как уловить сигналы самого крупного внутреннего органа, который предпочитает оставаться в тени ",820
 Кепнес Кэролайн: Ты меня любишь (Ты #3) ,83
" Хранители снов и пижам повелители. Вязаные игрушки-пижамницы, с которыми ребенок полюбит ложиться спать и поддерживать порядок в детской ",221
 Даррелл Лоренс: Александрийский квартет ,119
 Самая страшная книга 2022 ,344
 Высокие грядки. Сажаем и отдыхаем ,132
 Апокалипсис в искусстве. Путешествие к Армагеддону (второе издание) ,190
 Здоровая рассада. Выращиваем сами ,206
 Время сказок: осваиваем таблицу умножения ,568
" Пратчетт Терри, Бакстер Стивен: Бесконечная война ",476
 Толкин Джон Рональд Руэл: Властелин Колец. Возвращение короля ,880
 Таро без шизотерики. Доступное руководство для начинающих по работе с картами ,158
 Сейгер Райли: Пережить ночь ,75
" Климова Анна: 1000 и 1 стежок. Восточные орнаменты: стежка, трапунто, аппликация ",125
 Такер Нэнси: Первый день весны ,76
 Киланд Ви: Секс без любви ,160
" Кеннеди Эль, Боуэн Сарина: Останься ",284
 Риггз Ренсом: Казни Дьявольского Акра ,258
 Джейн Анна: Игра с огнем. Мой идеальный смерч ,457
 Уокер Элис: Цвет пурпурный ,165
 Бартон Марк: Девочка. Девушка. Женщина ,1162
 Фёллер Ева: Золотой мост ,342
 Рейд Тейлор Дженкинс: Настоящая любовь ,770
 Модер Мартин: Генетика на завтрак. Научные лайфхаки для повседневной жизни ,574
" Пратчетт Терри, Бакстер Стивен: Бесконечный Марс ",1020
 Творец Заклинаний ,1813
 Старк Кристина: Гончие Лилит ,1373
 Сорокин Владимир Георгиевич: Роман ,75
 Цзы Цзиньчэнь: Долгая ночь ,74
" Нити судьбы. Набор для Большого Расклада Ленорман (37 карт, руководство по работе с колодой, поле для расклада в подарочном оформлении) ",120
 В точке покоя. Воркбук ,164
 Стеффи Лия: Орлеан ,3199
 Джейн Анна: На волнах оригами. Музыкальный приворот ,386
 Майер Стефани: Затмение (новое оформление) ,596
 Мур Алан: Иерусалим ,727
 Митчелл Маргарет: Унесенные ветром. Том II ,123
 Фёллер Ева: Потайная дверь ,290
 Овощное меню. Закуски. Горячие блюда ,313
" Шишонин Александр Юрьевич: Медицина здоровья против медицины болезней: другой путь. Как избавиться от гипертонии, диабета и атеросклероза ",1582
 Новик Наоми: Зимнее серебро ,1096
 Редвайн Си-Джей: Королева тьмы ,326
 Сапковский Анджей: Ведьмак: Крещение огнем ,1447
 Водолазкин Евгений Германович: Лавр ,2503
 Сапковский Анджей: Ведьмак: Меч Предназначения ,1702
 Стивотер Мэгги: Волки из Мерси-Фоллз. Вечность ,661
" Грибное ассорти. Супы, горячие блюда, закуски, выпечка, заготовки ",185
" Краминова Анастасия Сергеевна, Синева Елена Сергеевна, Петрова Маргарита Сергеевна, Лаврова Евгения Дмитриевна: Заговори скорей, малыш! Стихи для запуска речи ",172
 Толкин Джон Рональд Руэл: Властелин Колец. Две твердыни ,876
 Мьевиль Чайна: Последние дни Нового Парижа ,450
" Герберт Брайан, Андерсон Кевин: Дюна: Дом Харконненов ",121
 Себастьян Лора: Принцесса пепла ,1081
 Блэк Холли: Воздушный народ. Королева ничего (#3) (подарочное оформление) ,75
 Огурцы. Богатый урожай без ошибок ,198
 Холлс Стейси: Покровители ,230
 Белл Алекс: Музыка и зло в городе ураганов ,230
" Напитки горячительные и прохладительные. Домашние вина, наливки, лимонады ",183
 Есть печенье ,345
 Клэр Кассандра: Орудия смерти. Город стекла ,834
 Клэр Кассандра: Орудия смерти. Город праха ,846
 Сапковский Анджей: Ведьмак: Час Презрения ,1430
 Уоллес Дэвид Фостер: Метла системы ,95
 Гвинн Джон: Злоба ,97
 Согревающая выпечка. Из Скандинавии с любовью ,540
 Герберт Фрэнк: Дюна ,898
 Майер Стефани: Рассвет (новое оформление) ,678
" Бейли Эллен, Кэмпбелл Гай: 100 занятий для мальчиков на каждый день ",726
 Кинг Стивен: Кэрри ,207
 Корсакова Татьяна: Усадьба ожившего мрака ,94
 Энг Тан Тван: Дар дождя ,436
 Чёрная Тень ,1425
 Чакраборти Шеннон: Латунный город ,1454
 Клэр Кассандра: Орудия смерти. Город Небесного огня ,667
" Уильямс Тэд: Сердце того, что было утеряно ",72
 Акварель для взрослых ,84
 Арментроут Дженнифер: Королевство плоти и огня ,1387
 Стивенсон Роберт Льюис: Клуб самоубийц ,2019
 Кристофф Джей: Империя вампиров ,333
 Ли Бардуго: Шестерка воронов ,4861
 Ли Бардуго: Правление волков ,1965
 Ли Бардуго: Тень и кость ,4847
" Знаки вселенной. 40 карт, которые помогут заглянуть в будущее ",569
 Кинг Стивен: Билли Саммерс ,493
 Уайльд Оскар: Портрет Дориана Грея ,3721
" Молодой Дмитрий Викторович: Все, что нужно знать о здоровье детей. Неотложная помощь, советы педиатра ",376
 Мураками Харуки: От первого лица ,122
 Морриган Барбара: Чудовище и чудовища ,1672
 Земсков Пётр Александрович: Математика и фокусы. Геометрические головоломки для развития мозга ,1456
 Арден Лия: Мара и Морок. Особенная Тень ,3154
 Агата Кристи: Десять негритят ,469
 Бронте Шарлотта: Джейн Эйр ,1622
 Голдинг Уильям: Повелитель мух ,4029
 Ремарк Эрих Мария: Три товарища ,2191
 Тахир Саба: Небо после бури ,192
 Хаксли Олдос: О дивный новый мир ,4840
 Баштовая Анна Сергеевна: Мода и кино. Как фильмы формируют тренды ,135
 Восс Крис: Договориться не проблема. Как добиваться своего без конфликтов и ненужных уступок ,525
 Кастен Мона: Снова почувствуй ,219
 Старк Кристина: Аспид ,1580
 Кристофф Джей: Темный рассвет ,1682
 Воздушный народ. Королева ничего ,2146
 Ремарк Эрих Мария: Триумфальная арка ,3002
 Логвин Янина Аркадьевна: Упал. Очнулся. Папа! ,157
 Бром Джеральд: Косиног: История о колдовстве ,1392
 Кристофф Джей: Годсгрейв ,2241
 Файлы Фредди (НОВАЯ ОБЛОЖКА! ДОПОЛНЕННОЕ И ОБНОВЛЁННОЕ ИЗДАНИЕ!) ,900
 Маррс Джон: Code. Носители ,199
 Гарбер Стефани: Легендо ,291
 Булгаков Михаил Афанасьевич: Мастер и Маргарита ,2704
 Барнс Дженнифер Линн: Наследие Хоторнов ,303
 Кристофф Джей: Неночь ,2543
 Замятин Евгений Иванович: Мы ,2465
 Блэк Холли: Воздушный народ. Злой король ,2589
 Шерри Ана: Хрупкое равновесие. Книга 1 ,1383
 Блэк Холли: Воздушный народ. Жестокий принц ,3237
 Лондон Джек: Мартин Иден ,2947
 Лукьяненко Сергей Васильевич: Месяц за Рубиконом ,245
 Бронте Эмили: Грозовой перевал ,1237
 Остен Джейн: Гордость и предубеждение ,3195
 Валентино Серена: Чудовище. История невозможной любви ,1880
 Братья Карилло. Обретая надежду ,90
 Перельман Яков Исидорович: Живая математика ,2923
 Арден Лия: Достойный высший суд ,997
 Кинг Стивен: Зеленая миля ,1861
 Бурханова-Хабадзе Саша: Алхимическое воображение. Как открыть в себе внутреннего художника ,222
 Мирай Медина: Осколки Нашей Реальности ,70
 Канеман Даниэль: Думай медленно... решай быстро ,2925
 Уиттен Ханна: Дочь для волка ,166
 Скотт Эмма: Потерянные души. Когда ты вернешься ко мне ,119
" Примаченко Ольга Викторовна: С тобой я дома. Книга о том, как любить друг друга, оставаясь верными себе ",416
 Ремарк Эрих Мария: Приют Грез ,420
 Сталь и солнечный шторм ,542
 Лавринович Ася: Не дружи со мной ,135
 Сунь-Цзы: Искусство войны ,735
 Дуглас Пенелопа: Именинница ,407
 Миллер Мадлен: Цирцея ,750
" Ли Мие: ""Магазин снов"" мистера Талергута ",300
 Скотт Эмма: Стань моим завтра ,663
 Мейер Марисса: Белоснежка ,1852
 Маккалоу Колин: Поющие в терновнике ,1402
" Ремарк Эрих Мария: Жизнь взаймы, или У неба любимчиков нет ",1624
 Чайнани Соман: Чудовища и красавицы. Опасные сказки ,86
" Маккуистон Кейси: Красный, белый и королевский синий ",1022
 Бжезинский Збигнев: Великая шахматная доска ,542
 Фромм Эрих: Иметь или быть? ,2263
 Булгаков Михаил Афанасьевич: Морфий ,1280
 Сад любимых цветов с Ларисой Кочелаевой ,139
 Лебовски Редгрейн: Кости и Звездная пыль ,720
 Мейер Марисса: Рапунцель ,1984
 Кинг Стивен: Позже ,1333
 Дуглас Пенелопа: Испорченный ,528
 Ли Бардуго: Девятый Дом ,1279
 Мист Магнус: Маленькая злая книга ,5554
 Кинг Стивен: Долгая Прогулка ,2062
 Тармашев Сергей Сергеевич: Иллюзия. Иллюзия 2 ,110
 Кесия Люпо: Мы — кровь и буря ,453
" Стругацкий Аркадий Натанович, Стругацкий Борис Натанович: Трудно быть богом ",2167
 Франзен Джонатан: Перекрестки ,115
 Ужасы Фазбера. В бассейн! (выпуск 1) ,399
 Ремарк Эрих Мария: Ночь в Лиссабоне ,1827
 Леонович Александр Анатольевич: Физика без формул ,3225
 Валентино Серена: Урсула. История морской ведьмы ,1611
 Стюарт Кит: Стая ,147
 Коста Габриэль: За стенкой. История Отиса Ревиаля ,154
 Старк Кристина: Стигмалион ,2108
 Сент-Клэр Скарлетт: Прикосновение тьмы ,242
 Джейд Эшли: Бессердечный принц ,146
 Фицджеральд Фрэнсис Скотт: Великий Гэтсби ,2745
 Фишман Михаил Владимирович: Преемник ,118
 Коллинз Уилки: Отель с привидениями ,843
 Бёрджесс Энтони: Заводной апельсин ,3485
" Больше, чем 5 соток. Как на маленьком участке получить максимум урожая ",616
 Уатт Эрин: Бумажная принцесса ,1703
 Гарбер Стефани: Караваль ,569
 Миллер Мадлен: Песнь Ахилла ,891
 Джейн Анна: Небесная музыка. Солнце ,204
" Стругацкий Аркадий Натанович, Стругацкий Борис Натанович: Пикник на обочине ",2424
 Корелли Мария: Скорбь Сатаны ,1651
 Манискалко Керри: Царство Проклятых ,356
 Кинг Стивен: Клатбище домашних жывотных ,3888
 Садхгуру: Карма. Как стать творцом своей судьбы ,108
 Тартт Донна: Тайная история ,2179
 Шэн Л. Дж.: Играя с огнем ,273
 Валентино Серена: Злые сёстры. История трёх ведьм ,1269
 Бонд Кейси Л.: Дом Затмений ,99
 Олкотт Луиза Мэй: Хорошие жены ,751
" Марков Алексей Викторович: Хулиномика. Элитно, подробно, подарочно! ",92
 Петрановская Людмила Владимировна: Тайная опора: привязанность в жизни ребенка ,6127
 Мейер Марисса: Бессердечная ,125
 Арден Лия: Мара и Морок. 500 лет назад ,1975
 Шеридан Мия: Арчер будет молчать ,571
 Суратова Екатерина: Телесная психология: услышать тело — исцелить душу ,660
 Кинг Стивен: Мистер Мерседес ,139
 Рецепты Средиземья. Кулинарная книга по миру Толкина ,161
 Шваб Виктория: Незримая жизнь Адди Ларю ,841
 Дуглас Пенелопа: Курок ,95
 Ремарк Эрих Мария: На Западном фронте без перемен ,1655
 Клун Ти Джей: Дом в лазурном море ,185
" Осман Ричард: Человек, который умер дважды ",105
 Арден Лия: Мара и Морок ,1763
 Ли Харпер: Убить пересмешника… ,4079
 Воронова Ольга Валерьевна: Шпаргалка ленивого огородника. Все самое важное в таблицах ,101
 Годой Ариана: Из моего окна ,232
" Бром Джеральд: Крампус, Повелитель Йоля ",2848
 Королевство теней. Тени между нами ,954
 Скотт Эмма: Однажды я выберу тебя ,442
 Богданова Вера Олеговна: Сезон отравленных плодов ,123
 Хоффман Элис: Красный сад ,583
" Мужицкая Татьяна Владимировна, Нефедов Антон: Знаки вселенной. 40 хулиганских карт, которые помогут заглянуть в будущее ",192
" Коутон Скотт, Уэст Карли Энн, Ваггенер Андреа: Ужасы Фазбера. Хватайка (выпуск 2) ",207
 Мейер Марисса: Красная Шапочка ,2036
 Уатт Эрин: Разрушенный дворец ,1517
 Оруэлл Джордж: 1984. Скотный двор ,199
 Диксен Виктор: Двор Тьмы ,182
 Валентино Серена: Леди Тремейн. История злой мачехи ,880
 Достоевский Федор Михайлович: Преступление и наказание ,1374
 Уатт Эрин: Сломленный принц ,1424
 Гор Анастасия: Ковен заблудших ведьм ,1064
 Достоевский Федор Михайлович: Белые ночи ,520
 Непарадная Москва: доходные дома в историях и фотографиях ,351
 Мейер Марисса: Золушка ,2415
 Мист Магнус: Маленькая злая книга 4 ,112
 Уоллес Дэвид Фостер: Бесконечная шутка ,925
 Биллингхэм Марк: Вниз по кроличьей норе ,146
 Лебовски Редгрейн: Пепел и Лунный свет ,501
 Спаркс Николас: Спеши любить ,612
 Шульман Екатерина Михайловна: Практическая политология. Пособие по контакту с реальностью ,507
 Бессонов А.: Мадам ,1056
 Тахир Саба: Уголек в пепле ,101
 Валентино Серена: Матушка Готель. История старой ведьмы ,1294
" Стругацкий Аркадий Натанович, Стругацкий Борис Натанович: Понедельник начинается в субботу ",2690
 Вульф Мара: Сёстры-ведьмы. Сестра звёзд ,1052
 Гарбер Стефани: Финал ,115
 Югова Анастасия Андреевна: Продвижение ВКонтакте ,1185
 Манискалко Керри: Охота на Джека-потрошителя. Охота на князя Дракулу ,1555
 Энтони Горовиц: Это слово – Убийство ,653
 Арден Лия: Невеста Ноября ,1042
 Король Александр: Нелюбовь. Комплект из 2 книг ,1743
 Стокер Брэм: Дракула ,728
