title,author,length
Recessional,David Mamet,Length: 6 hrs and 20 mins
My Evil Mother,Margaret Atwood,Length: 57 mins
Match Game,Craig Alanson,Length: 22 hrs and 13 mins
He Who Fights with Monsters 6,"Shirtaloon,Travis Deverell",Length: 15 hrs and 51 mins
Fracture,Xander Boyce,Length: 10 hrs and 32 mins
Say It's Forever,A.L. Jackson,Length: 11 hrs and 33 mins
8 Secrets to Powerful Manifesting,Mandy Morris,Length: 6 hrs and 44 mins
The Mountain Is You,Brianna Wiest,Length: 5 hrs and 44 mins
The Truth and Beauty,Andrew Klavan,Length: 6 hrs and 29 mins
Last Resort,K. Bromberg,Length: 7 hrs and 26 mins
Idiots,Laura Clery,Length: 8 hrs and 16 mins
Praise,Sara Cate,Length: 10 hrs and 37 mins
Condemning the Heavens: Publisher's Pack 5,Tinalynge,Length: 19 hrs and 52 mins
The Family Holiday,Shalini Boland,Length: 7 hrs and 36 mins
First Fist,TJ Reynolds,Length: 26 hrs and 46 mins
We Don't Know Ourselves,Fintan O'Toole,Length: 22 hrs and 11 mins
City World,B.V. Larson,Length: 13 hrs and 20 mins
Ruin Me,D. A. Young,Length: 11 hrs and 34 mins
Things We Never Got Over,Lucy Score,Length: 16 hrs and 1 min
He Who Fights with Monsters 5,"Shirtaloon,Travis Deverell",Length: 20 hrs and 5 mins
Sea of Tranquility,Emily St. John Mandel,Length: 5 hrs and 47 mins
Perfect Storm 1,Bobby Akart,Length: 6 hrs and 8 mins
Immortal Mana,Bruce Sentar,Length: 10 hrs and 6 mins
The Broken One,Brittney Sahin,Length: 13 hrs and 57 mins
Southpaw,JD Kirk,Length: 12 hrs and 31 mins
The Investigator,John Sandford,Length: 13 hrs and 2 mins
Dear Mr. Brody,A.M. Johnson,Length: 9 hrs and 30 mins
The Men We Need,Brant Hansen,Length: 5 hrs and 3 mins
The Ink Black Heart,Robert Galbraith,Length: 20 hrs
Forging Zero,Sara King,Length: 21 hrs and 54 mins
Taste,Melanie Harlow,Length: 8 hrs and 15 mins
Kick Fear in the Face,Thea Wood,Length: 6 hrs and 44 mins
The Mothers and Daughters of the Bible Speak,Shannon Bream,Length: 7 hrs and 18 mins
The Fiat Standard,Saifedean Ammous,Length: 12 hrs and 44 mins
Malicious Intent,Lynn Blackburn,Length: 11 hrs and 10 mins
Nautical Noobs,Ryan Rimmel,Length: 16 hrs and 57 mins
Sacred Spaces,Susan D. Fay PhD,Length: 5 hrs and 27 mins
Adam Cam's Savage Wisdom,Adam Cam,Length: 1 hr and 49 mins
Assassinorum: Kingmaker,Robert Rath,Length: 11 hrs and 12 mins
Grease the Wheel,Amanda M. Lee,Length: 9 hrs and 19 mins
Tempting Auzed,Victoria Aveline,Length: 9 hrs and 53 mins
Kiwi Gold,Rosalind James,Length: 14 hrs and 58 mins
"You, Happier",Daniel Amen,Length: 10 hrs and 23 mins
All the Pretty People,Barbara Freethy,Length: 10 hrs and 51 mins
Mr. Bloomsbury,Louise Bay,Length: 7 hrs and 29 mins
Tutoring the Player,Rebecca Jenshak,Length: 8 hrs and 30 mins
The Internet Is Not What You Think It Is,Justin E. H. Smith,Length: 6 hrs and 3 mins
Endure,Cameron Hanes,Length: 7 hrs and 42 mins
The Sins of Our Fathers,James S. A. Corey,Length: 2 hrs and 23 mins
A Pound of Cure,Mark Goodwin,Length: 7 hrs and 14 mins
The Darkest Temptation,Danielle Lori,Length: 15 hrs and 33 mins
Allow Me to Retort,Elie Mystal,Length: 8 hrs and 37 mins
Scars and Stripes,"Tim Kennedy,Nick Palmisciano",Length: 17 hrs
In the Blood,Jack Carr,Length: 14 hrs and 30 mins
Queen's Hope,E. K. Johnston,Length: 6 hrs and 40 mins
The Houndsman 2,J Pal,Length: 12 hrs and 57 mins
The Goldsmith's Conspiracy,C.J. Archer,Length: 8 hrs and 48 mins
"I Don't Want to Be the Hero, Vol. 1",M.E. Thorne,Length: 8 hrs and 31 mins
"Taking Charge of Adult ADHD, Second Edition","Russell A. Barkley PhD,Christine M. Benton",Length: 10 hrs and 48 mins
How to Get Paid for What You Know,Graham Cochrane,Length: 6 hrs and 12 mins
Strange New World,"Carl R. Trueman,Ryan T. Anderson - foreword",Length: 5 hrs and 14 mins
Memphis,Tara M. Stringfellow,Length: 9 hrs and 23 mins
Rainhorn,Sarah Lin,Length: 6 hrs and 52 mins
Wayward Galaxy 4,"Jason Anspach,J.N. Chaney",Length: 13 hrs and 2 mins
My Perfect Daughter,Sarah Denzil,Length: 9 hrs and 58 mins
Brambles and Thorns,J.T. Wright,Length: 19 hrs and 31 mins
Riot Act,Callie Hart,Length: 15 hrs and 5 mins
The Warlock Queen,Quinn Loftis,Length: 10 hrs and 1 min
Exclusive,Melissa Brayden,Length: 9 hrs and 15 mins
Breaking the Speed Limit,Melanie Moreland,Length: 7 hrs and 32 mins
Tower Climber 4,Jakob Tanner,Length: 14 hrs and 14 mins
Living Untethered,Michael A. Singer,Length: 6 hrs
Damaged Grump,Nicole Snow,Length: 14 hrs and 58 mins
Crucial Conversations (Third Edition),"Joseph Grenny,Kerry Patterson,Ron McMillan,Al Switzler,Emily Gregory",Length: 7 hrs and 45 mins
Wrongfully Infused,H.Y. Hanna,Length: 8 hrs and 32 mins
Thick as Thieves,Lucy Lennox,Length: 8 hrs and 41 mins
The Crucifixion of the King of Glory: The Amazing History and Sublime Mystery of the Passion,Eugenia Scarvelis Constantinou PhD,Length: 15 hrs and 50 mins
Single & Secure,Rich Wilkerson Jr.,Length: 7 hrs and 39 mins
Until November,Aurora Rose Reynolds,Length: 8 hrs and 11 mins
Pitch Anything,Oren Klaff,Length: 6 hrs and 14 mins
The Last Eligible Billionaire,Pippa Grant,Length: 9 hrs and 34 mins
Disorder,Helen Thompson,Length: 11 hrs and 39 mins
Glucose Revolution,Jessie Inchauspe,Length: 6 hrs and 3 mins
Introduction to Sailing,Christian Williams,Length: 5 hrs and 19 mins
You Are the Medicine,Asha Frost,Length: 7 hrs and 53 mins
"Overlord, Vol. 4 (Light Novel)","Kugane Maruyama,so-bin - illustrator",Length: 9 hrs and 26 mins
Broken King,Bella Matthews,Length: 7 hrs and 48 mins
On Tyranny: Expanded Audio Edition,Timothy Snyder,Length: 9 hrs
Waypoints,Sam Heughan,Length: 9 hrs and 30 mins
Fearless,Tia Louise,Length: 8 hrs and 29 mins
Bittersweet,Susan Cain,Length: 7 hrs and 35 mins
Anything,Dakota Krout,Length: 12 hrs and 32 mins
The Journey Toward Wholeness,Suzanne Stabile,Length: 7 hrs and 7 mins
Wetiko,"Paul Levy,Larry Dossey MD - foreword",Length: 13 hrs and 59 mins
The Great Nowitzki,"Thomas Pletzinger,Shane Anderson - translator",Length: 13 hrs and 3 mins
Dream Town,David Baldacci,Length: 11 hrs
After Felix,Lily Morton,Length: 8 hrs and 27 mins
The Ultimate Coach,"Amy Hardison,Alan D. Thompson",Length: 11 hrs and 54 mins
Just a Thought,Amy Johnson PhD,Length: 3 hrs and 58 mins
The Candy House,Jennifer Egan,Length: 11 hrs and 11 mins
Secret Agent,Michelle Larkin,Length: 8 hrs and 49 mins
The Broken Room,Peter Clines,Length: 10 hrs and 50 mins
Viridian Gate Online: Empirical Endgame,James Hunter,Length: 16 hrs and 10 mins
The Lightning Rod,Brad Meltzer,Length: 13 hrs and 43 mins
A Sunlit Weapon,Jacqueline Winspear,Length: 11 hrs and 11 mins
Find Your People,Jennie Allen,Length: 5 hrs and 45 mins
Dark Moon,Nicholas Sansbury Smith,Length: 11 hrs and 57 mins
The Postcard from Italy,Angela Petch,Length: 11 hrs and 45 mins
The Villa,Clare Boyd,Length: 9 hrs and 51 mins
Anxiety & Communication in Relationship,Violet Marrow,Length: 11 hrs and 22 mins
Winterset Hollow,Jonathan Edward Durham,Length: 9 hrs and 1 min
Marriage Be Hard,"Kevin Fredericks,Melissa Fredericks",Length: 8 hrs
Mother of Learning Arc 2,"nobody103,Domagoj Kurmaic",Length: 30 hrs
Aru Shah and the Nectar of Immortality,Roshani Chokshi,Length: 11 hrs and 19 mins
Out of the Dark,"Mandisa Lynn Hundley,Suzanne Gosselin,Natalie Grant",Length: 5 hrs and 53 mins
Fire in the Ice,"Ryan Taylor,Joshua Harwood",Length: 8 hrs and 19 mins
The Banneret,Duncan M. Hamilton,Length: 12 hrs and 28 mins
Alcohol You Later,Heather M. Orgeron,Length: 7 hrs and 19 mins
The Necromancer's Light,Tavia Lark,Length: 7 hrs and 30 mins
Foster the Family,Jamie C. Finn,Length: 7 hrs and 18 mins
Body Work,Melissa Febos,Length: 3 hrs and 35 mins
The Devil in the Castle,Dan Burke,Length: 3 hrs and 59 mins
I Am a SEAL Team Six Warrior,"Howard E. Wasdin,Stephen Templin",Length: 4 hrs and 50 mins
One Damn Thing After Another,William P. Barr,Length: 22 hrs and 2 mins
The Cheat Sheet,Sarah Adams,Length: 8 hrs and 57 mins
Wrath,Ella James,Length: 20 hrs and 35 mins
$100M Offers,Alex Hormozi,Length: 3 hrs and 48 mins
I'll Start Again Monday,Lysa TerKeurst,Length: 3 hrs and 35 mins
The Other Half of the Grave,Jeaniene Frost,Length: 13 hrs and 13 mins
The Gift of Fear,Gavin de Becker,Length: 12 hrs and 50 mins
Going Rogue,Janet Evanovich,Length: 7 hrs
Beyond the Eyes of Mars,Glynn Stewart,Length: 9 hrs and 43 mins
"Black Truth, White Lies",Hailey Edwards,Length: 8 hrs and 6 mins
Sacred Woman,Queen Afua,Length: 27 hrs and 59 mins
The Paris Apartment,Lucy Foley,Length: 12 hrs and 25 mins
The Love of My Life,Rosie Walsh,Length: 11 hrs and 28 mins
The Homeboy Way,"Thomas Vozzo,Gregory Boyle - foreword",Length: 8 hrs and 9 mins
Lessons in Chemistry,Bonnie Garmus,Length: 11 hrs and 55 mins
22 Seconds,"James Patterson,Maxine Paetro",Length: 8 hrs and 16 mins
Promises and Pomegranates,Sav R. Miller,Length: 10 hrs and 22 mins
The Plan,Karla Sorensen,Length: 8 hrs and 56 mins
Sickening,John Abramson,Length: 9 hrs and 17 mins
When the Nightingale Sings,Suzanne Kelman,Length: 12 hrs and 43 mins
Cold Case,"Matthew Costello,Neil Richards",Length: 3 hrs and 31 mins
Uncompromised Life,Marisa Peer,Length: 20 hrs and 2 mins
French Braid,Anne Tyler,Length: 9 hrs and 4 mins
The Gap and the Gain,"Dan Sullivan,Dr. Benjamin Hardy",Length: 5 hrs and 58 mins
No Bad Parts,"Richard C. Schwartz PhD,Alanis Morissette - foreword introduction",Length: 8 hrs and 10 mins
Beauty and the Baller,Ilsa Madden-Mills,Length: 10 hrs and 10 mins
Bone Deep,"Charles Bosworth,Joel Schwartz",Length: 11 hrs and 20 mins
The Shop on Royal Street,Karen White,Length: 14 hrs and 8 mins
The Hallowed War,T.E. Bakutis,Length: 14 hrs and 28 mins
The Slob,Aron Beauregard,Length: 3 hrs and 27 mins
A Court of Thorns and Roses (Part 1 of 2) (Dramatized Adaptation),Sarah J. Maas,Length: 6 hrs and 4 mins
The Heart of Us,Kennedy Fox,Length: 6 hrs and 26 mins
The Club,Ellery Lloyd,Length: 9 hrs and 22 mins
Traitor General,Dan Abnett,Length: 11 hrs and 5 mins
Puck Shy,Teagan Hunter,Length: 6 hrs and 20 mins
The End of the World Is Just the Beginning,Peter Zeihan,Length: 14 hrs and 45 mins
"Run, Rose, Run","James Patterson,Dolly Parton",Length: 10 hrs and 19 mins
When Titans Clashed,"David M. Glantz,Jonathan M. House",Length: 17 hrs and 49 mins
Prince Lander and the Dragon War,S. D. Smith,Length: 5 hrs and 50 mins
One Simple Refrain,Nancy Ann Healy,Length: 10 hrs and 22 mins
Cleopatra and Frankenstein,Coco Mellors,Length: 14 hrs and 31 mins
Violeta,"Isabel Allende,Frances Riddle",Length: 11 hrs and 59 mins
"Sis, Don't Settle",Faith Jenkins,Length: 8 hrs and 20 mins
Uncommon Measure,Natalie Hodges,Length: 4 hrs and 49 mins
The Diamond Eye,Kate Quinn,Length: 12 hrs and 51 mins
Driving Force,"Lynette Eason,Kate Angelo",Length: 10 hrs and 37 mins
"Spies, Lies, and Algorithms",Amy B. Zegart,Length: 11 hrs and 54 mins
The King's Falcon,Stella Riley,Length: 19 hrs and 38 mins
Honor,Thrity Umrigar,Length: 11 hrs and 19 mins
The Stone Giant,Luke Smitherd,Length: 14 hrs and 54 mins
Not All Diamonds and Rosé,Dave Quinn,Length: 20 hrs and 30 mins
El Libro Negro de las Horas,Eva García Sáenz de Urturi,Length: 9 hrs and 28 mins
The Hunger of the Gods,John Gwynne,Length: 22 hrs and 58 mins
Sea Storm,Andrew Mayne,Length: 8 hrs and 3 mins
The Vision of the Anointed,Thomas Sowell,Length: 11 hrs and 26 mins
Ocean State,Stewart O'Nan,Length: 5 hrs and 45 mins
Empire,Joshua Dalzelle,Length: 10 hrs and 33 mins
Committed,Evangeline Anderson,Length: 11 hrs and 29 mins
Lost and Found,Helena Marchmont,Length: 3 hrs and 27 mins
Paradise Lagoon,"Caroline Peckham,Susanne Valenti",Length: 20 hrs and 49 mins
La historia que te cuentas [The Story You Tell Yourself],Paola Herrera,Length: 6 hrs and 49 mins
Legends and Lattes,Travis Baldree,Length: 6 hrs and 21 mins
Pachinko,Min Jin Lee,Length: 18 hrs and 16 mins
Domestic Animals,Gregory Ashe,Length: 12 hrs and 57 mins
Dark Angel,"Brian Andrews,Jeffrey Wilson",Length: 11 hrs and 10 mins
Good Money Revolution,Derrick Kinney,Length: 6 hrs and 28 mins
Value-Based Fees (3rd Edition),Alan Weiss,Length: 7 hrs and 29 mins
Sanguine Academy: Volume 1,Lowe Keye,Length: 10 hrs and 39 mins
The Stepchild,Nicole Trope,Length: 7 hrs and 42 mins
The General of Izril,pirateaba,Length: 34 hrs and 1 min
What Happened to the Bennetts,Lisa Scottoline,Length: 10 hrs and 15 mins
The Hitchhiker's Guide to the Galaxy,Douglas Adams,Length: 5 hrs and 51 mins
Braiding Sweetgrass,Robin Wall Kimmerer,Length: 16 hrs and 44 mins
The Five Dysfunctions of a Team,Patrick Lencioni,Length: 3 hrs and 42 mins
Undistracted,Bob Goff,Length: 6 hrs and 1 min
The Power of Regret,Daniel H. Pink,Length: 5 hrs and 29 mins
Taken by the Horde King,Zoey Draven,Length: 14 hrs and 46 mins
To Bleed a Crystal Bloom,Sarah A. Parker,Length: 12 hrs and 47 mins
The Blade's Own Truth,"Zachary Dugas,Daniel Jones",Length: 13 hrs and 49 mins
Demon on the Down-Low,E.J. Russell,Length: 8 hrs and 43 mins
Take Me Home,Jerry Boyd,Length: 9 hrs and 16 mins
Empire Ascendant,Jez Cajiao,Length: 45 hrs
Make Me Your Villain,Lani Lynn Vale,Length: 5 hrs and 38 mins
Emotional Self Care for Black Women,B. True,Length: 3 hrs and 48 mins
The Cartographers,Peng Shepherd,Length: 14 hrs and 15 mins
Illogical,Emmanuel Acho,Length: 4 hrs and 25 mins
Who Do I Think I Am?,Anjelah Johnson-Reyes,Length: 8 hrs and 44 mins
Broken Reign,Ava Harrison,Length: 9 hrs and 52 mins
Chosen for Power,Lindsay Buroker,Length: 19 hrs and 11 mins
The Violin Conspiracy,Brendan Slocumb,Length: 12 hrs and 4 mins
The 15 Invaluable Laws of Growth,John C. Maxwell,Length: 7 hrs and 52 mins
The Roofing Machine,Martin Pettigrew,Length: 2 hrs and 45 mins
Life Makeover,Dominique Sachse,Length: 5 hrs and 35 mins
Best I Ever Had,S.L. Scott,Length: 12 hrs and 8 mins
How Do I Un-Remember This?,Danny Pellegrino,Length: 6 hrs and 15 mins
The Baby Shower,S.E. Lynes,Length: 10 hrs and 33 mins
Coup in Dallas,"H.P. Albarelli Jr.,Dick Russell - foreword introduction",Length: 25 hrs and 58 mins
The Great Reset,"Glenn Beck,Justin Trask Haskins",Length: 9 hrs and 57 mins
Unidentified,Douglas E. Richards,Length: 13 hrs and 17 mins
Villain Core,John Stovall,Length: 8 hrs and 55 mins
Anvil Dark,"J.N. Chaney,Terry Maggert",Length: 9 hrs and 39 mins
Be a Triangle,Lilly Singh,Length: 1 hr and 10 mins
The Match,Harlan Coben,Length: 10 hrs and 4 mins
Some Things I Still Can't Tell You,Misha Collins,Length: 57 mins
"Hook, Line, and Sinker",Tessa Bailey,Length: 10 hrs and 10 mins
Battlefield of the Mind,Joyce Meyer,Length: 6 hrs and 37 mins
Danger on the Atlantic,Erica Ruth Neubauer,Length: 7 hrs and 49 mins
The Perfect Run 3,"Maxime J. Durand,Void Herald",Length: 18 hrs and 14 mins
Good to Great,Jim Collins,Length: 10 hrs and 1 min
Slow Horses,Mick Herron,Length: 10 hrs and 46 mins
Pangea Online: The Complete Trilogy,S.L. Rowland,Length: 23 hrs and 1 min
One Italian Summer,Rebecca Serle,Length: 6 hrs and 21 mins
The Book of Cold Cases,Simone St. James,Length: 10 hrs and 44 mins
Red Bounty,"J.N. Chaney,Terry Maggert",Length: 9 hrs and 3 mins
Alien: Colony War,David M. Barnett,Length: 9 hrs and 4 mins
"The Siege, Part One",Kris Michaels,Length: 6 hrs and 30 mins
Lord of Embers,C. N. Crawford,Length: 6 hrs and 39 mins
Spin Dictators,"Sergei Guriev,Daniel Treisman",Length: 9 hrs and 23 mins
Win Your Breakup,Natasha Adamo,Length: 4 hrs and 20 mins
Amp It Up,Frank Slootman,Length: 5 hrs and 35 mins
The Sandman: Act II,"Neil Gaiman,Dirk Maggs",Length: 13 hrs and 47 mins
Blessed Time 3: Dakkora's Legacy,Cale Plamann,Length: 9 hrs and 24 mins
To Kill a Mockingbird,Harper Lee,Length: 12 hrs and 17 mins
The Secret,Rhonda Byrne,Length: 4 hrs and 24 mins
Teachers These Days,"Jody Carrington,Laurie McIntosh",Length: 7 hrs and 16 mins
The Anatomy of Peace (Fourth Edition),The Arbinger Institute,Length: 7 hrs and 39 mins
The Overnight Guest,Heather Gudenkauf,Length: 9 hrs and 29 mins
The Locked Door,Freida McFadden,Length: 8 hrs and 15 mins
Wild Creative,Tami Lynn Kent,Length: 8 hrs and 31 mins
Shoe Dog,Phil Knight,Length: 13 hrs and 21 mins
Essentialism,Greg McKeown,Length: 6 hrs and 14 mins
Sapiens,Yuval Noah Harari,Length: 15 hrs and 17 mins
Quiet,Susan Cain,Length: 10 hrs and 39 mins
Gentle and Lowly,Dane C. Ortlund,Length: 5 hrs and 17 mins
Like a Sister,Kellye Garrett,Length: 11 hrs and 46 mins
Against All Odds,Alex Kershaw,Length: 8 hrs and 51 mins
Woman on Fire,Lisa Barr,Length: 12 hrs and 59 mins
Nine Lives,Peter Swanson,Length: 7 hrs and 11 mins
Death from High Places,Benedict Brown,Length: 2 hrs and 33 mins
Nine Marks of a Healthy Church,Mark Dever,Length: 8 hrs and 55 mins
The Untethered Soul,Michael A. Singer,Length: 6 hrs and 11 mins
The Name of the Wind,Patrick Rothfuss,Length: 27 hrs and 55 mins
How Do You Survive with Us?,"Ki Brightly,M.D. Gregory",Length: 10 hrs and 45 mins
L'affaire Alaska Sanders,Joël Dicker,Length: 17 hrs and 22 mins
Biomancer,Shemer Kuznits,Length: 17 hrs and 22 mins
Jake's Magical Market,J.R. Mathews,Length: 20 hrs and 41 mins
World Between,Sarah Lyons Fleming,Length: 16 hrs and 40 mins
A History of Wild Places,Shea Ernshaw,Length: 11 hrs and 59 mins
He Gets That from Me,Jacqueline Friedland,Length: 9 hrs and 26 mins
Building Microservices,Sam Newman,Length: 21 hrs and 12 mins
The Devil in the White City,Erik Larson,Length: 14 hrs and 58 mins
"Guns, Germs and Steel",Jared Diamond,Length: 16 hrs and 20 mins
The Ex,Freida McFadden,Length: 8 hrs and 33 mins
The Light We Lost,Kyla Stone,Length: 12 hrs and 13 mins
Finding Me,Viola Davis,Length: 8 hrs and 30 mins
An Emperor's Gamble,J.D.L. Rosell,Length: 15 hrs and 7 mins
One at a Time,Kyle Idleman,Length: 5 hrs and 23 mins
"Index, a History of The",Dennis Duncan,Length: 8 hrs and 9 mins
Manhunt,Gretchen Felker-Martin,Length: 10 hrs and 37 mins
Revealing Revelation,"Amir Tsarfati,Rick Yohn",Length: 7 hrs and 13 mins
Poison Ivy,Helena Marchmont,Length: 3 hrs and 47 mins
When Everything's on Fire,Brian Zahnd,Length: 6 hrs and 49 mins
Anchored,"Deb Dana,Stephen Porges PhD - Foreword by",Length: 6 hrs and 22 mins
House of Sky and Breath,Sarah J. Maas,Length: 27 hrs and 42 mins
A Body at a Boarding School,Benedict Brown,Length: 8 hrs and 2 mins
Dragon Ever After,Louisa Masters,Length: 7 hrs and 3 mins
Collapse,Vladislav M. Zubok,Length: 23 hrs and 50 mins
Apocalypse Knights 1,DB King,Length: 13 hrs and 14 mins
Spoken Bones,N.C. Lewis,Length: 9 hrs and 52 mins
Ten Steps to Nanette,Hannah Gadsby,Length: 13 hrs and 47 mins
Why Has Nobody Told Me This Before?,Julie Smith,Length: 7 hrs and 16 mins
Murder and the Mermaid,L.B. Hathaway,Length: 3 hrs and 21 mins
Fool Me Twice,J. M. Dalgliesh,Length: 8 hrs and 23 mins
"Solo Leveling, Vol. 3 (Novel)",Chugong,Length: 8 hrs and 7 mins
"The Saga of Tanya the Evil, Vol. 3 (Light Novel)",Carlo Zen,Length: 9 hrs and 16 mins
The Golden Couple,"Greer Hendricks,Sarah Pekkanen",Length: 11 hrs and 3 mins
Driven by Intention,"Michelle Gadsden-Williams,Erika Roman Saint-Pierre",Length: 5 hrs and 51 mins
Hell Bent,Leigh Bardugo,Length: 10 hrs
Stuck with You,Ali Hazelwood,Length: 3 hrs and 22 mins
Not One Inch,M.E. Sarotte,Length: 15 hrs and 54 mins
Letters to You,Jazz Thornton,Length: 3 hrs and 40 mins
The Anarchist Handbook,Michael Malice,Length: 13 hrs and 29 mins
The Shuddering,Ania Ahlborn,Length: 8 hrs and 41 mins
The Tender Bar,J. R. Moehringer,Length: 16 hrs and 16 mins
The Radium Girls,Kate Moore,Length: 15 hrs and 52 mins
The Time Traveler's Wife,Audrey Niffenegger,Length: 17 hrs and 38 mins
Presence,Amy Cuddy,Length: 9 hrs and 18 mins
Delivering Happiness,Tony Hsieh,Length: 8 hrs and 17 mins
"Roll of Thunder, Hear My Cry",Mildred D. Taylor,Length: 8 hrs and 28 mins
How We Love,"Milan Yerkovich,Kay Yerkovich",Length: 10 hrs and 56 mins
Crossing the Chasm,Geoffrey A. Moore,Length: 9 hrs and 45 mins
Long Way Down,Jason Reynolds,Length: 1 hr and 43 mins
"Where'd You Go, Bernadette",Maria Semple,Length: 9 hrs and 35 mins
Hot Commodities,Jim Rogers,Length: 7 hrs and 25 mins
Black Hawk Down,Mark Bowden,Length: 15 hrs and 14 mins
The First Fifteen Lives of Harry August,Claire North,Length: 12 hrs and 10 mins
Rework,"Jason Fried,David Heinemeier Hansson",Length: 2 hrs and 50 mins
A Clockwork Orange,Anthony Burgess,Length: 7 hrs and 44 mins
Only the Evil,Amanda M. Lee,Length: 9 hrs and 22 mins
Sonny,S.J. Peddie,Length: 8 hrs and 22 mins
We Need to Talk About Kevin,Lionel Shriver,Length: 16 hrs and 9 mins
The Unbearable Lightness of Being,"Milan Kundera,Michael Henry Heim - translator",Length: 9 hrs and 37 mins
Born a Crime,Trevor Noah,Length: 8 hrs and 44 mins
Isekai Isles,Marcus Sloss,Length: 10 hrs and 7 mins
Traction,Gino Wickman,Length: 6 hrs and 56 mins
The Art of Letting Go,Damon Zahariades,Length: 3 hrs and 4 mins
Cues,Vanessa Van Edwards,Length: 8 hrs and 1 min
The Perfect Run 2,"Maxime J. Durand,Void Herald",Length: 18 hrs and 25 mins
American Prometheus,"Kai Bird,Martin J. Sherwin",Length: 26 hrs and 30 mins
Shadows Reel,C. J. Box,Length: 9 hrs and 4 mins
When Humanity Ends,Jack Hunt,Length: 6 hrs and 54 mins
The Wok,J. Kenji Lopez-Alt,Length: 19 hrs and 44 mins
Super Gut,William Davis MD,Length: 8 hrs and 22 mins
"Blood, Sweat & Chrome",Kyle Buchanan,Length: 10 hrs and 17 mins
Black Ops,Ric Prado,Length: 12 hrs and 39 mins
Outliers,Malcolm Gladwell,Length: 7 hrs and 18 mins
Christianity Made Me Talk Like an Idiot,Seth Andrews,Length: 6 hrs and 57 mins
Three More Months,Sarah Echavarre,Length: 9 hrs and 21 mins
Never Split the Difference,Chris Voss,Length: 8 hrs and 7 mins
The Alchemist,Paulo Coelho,Length: 4 hrs
"The 4-Hour Workweek: Escape 9-5, Live Anywhere, and Join the New Rich (Expanded and Updated)",Timothy Ferriss,Length: 13 hrs and 1 min
The Millionaire Next Door,"Thomas J. Stanley Ph.D.,William D. Danko Ph.D.",Length: 8 hrs and 16 mins
Diablo Mesa,"Douglas Preston,Lincoln Child",Length: 11 hrs and 55 mins
The Summer Getaway,Susan Mallery,Length: 10 hrs and 50 mins
Fahrenheit 451,Ray Bradbury,Length: 5 hrs and 1 min
Still Just a Geek,Wil Wheaton,Length: Not Yet Known
Zypheria's Call,Nathan Lowell,Length: 11 hrs and 36 mins
The Revolt of the Elites and the Betrayal of Democracy,Christopher Lasch,Length: 7 hrs and 32 mins
In a New York Minute,Kate Spencer,Length: 9 hrs and 56 mins
Built to Sell,John Warrillow,Length: 4 hrs and 24 mins
How Did You Survive Without Us?,"Ki Brightly,M.D. Gregory",Length: 10 hrs and 4 mins
Verse and Vengeance,Amanda Flower,Length: 8 hrs and 15 mins
The Heretic,Liam McIlvanney,Length: 15 hrs and 45 mins
Caraval,Stephanie Garber,Length: 10 hrs and 36 mins
Last Contact,"Jason Anspach,Nick Cole",Length: 13 hrs and 20 mins
Zero to One,"Peter Thiel,Blake Masters",Length: 4 hrs and 50 mins
The Intelligent Investor Rev Ed.,Benjamin Graham,Length: 17 hrs and 48 mins
The ONE Thing,"Gary Keller,Jay Papasan",Length: 5 hrs and 28 mins
The Ones That Got Away,Stephen Graham Jones,Length: 9 hrs and 58 mins
The Road,Cormac McCarthy,Length: 6 hrs and 39 mins
The Greatest Salesman in the World,Og Mandino,Length: 2 hrs and 33 mins
The 6 Pillars of Intimacy,"Alisa DiLorenzo,Tony DiLorenzo",Length: 3 hrs and 5 mins
Will,"Will Smith,Mark Manson",Length: 16 hrs and 16 mins
Assembly,Natasha Brown,Length: 1 hr and 59 mins
The Rise and Fall of the Third Reich,William L. Shirer,Length: 57 hrs and 11 mins
Firewater Blues,Caimh McDonnell,Length: 10 hrs and 52 mins
Ice World,B.V. Larson,Length: 12 hrs and 59 mins
Cornwallis,Richard Middleton,Length: 14 hrs and 24 mins
The Family Across the Street,Nicole Trope,Length: 8 hrs and 5 mins
The Patient's Secret,Loreth Anne White,Length: 11 hrs and 18 mins
Before the Batman: An Original Movie Novel (The Batman Movie),Random House,Length: 2 hrs and 20 mins
CEO Excellence,"Carolyn Dewar,Scott Keller,Vikram Malhotra",Length: 11 hrs and 37 mins
The Wedding Veil,Kristy Woodson Harvey,Length: 11 hrs and 24 mins
Dying for You,Jenny Frame,Length: 7 hrs and 8 mins
Life by Design,Jack Daly,Length: 6 hrs and 32 mins
The Ravenous Dead,Darcy Coates,Length: 8 hrs and 1 min
Los secretos de la mente millonaria (Narración en Castellano) [Secrets of the Millionaire Mind],T. Harv Eker,Length: 2 hrs and 17 mins
The Great Gatsby,F. Scott Fitzgerald,Length: 4 hrs and 49 mins
The 5 Second Rule,Mel Robbins,Length: 7 hrs and 35 mins
Nature Wants Us to Be Fat,Richard J. Johnson MD,Length: 9 hrs and 24 mins
East of Eden,John Steinbeck,Length: 25 hrs and 23 mins
The Phantom of the Lop Ear,Andrew Seiple,Length: 11 hrs and 39 mins
CEO Excellence,"Carolyn Dewar,Scott Keller,Vikram Malhotra",Length: 11 hrs and 36 mins
Her Forbidden Highlander Husband,Allison B. Hanson,Length: 9 hrs and 16 mins
Missing Pieces,Peter Grainger,Length: 9 hrs
"Dear Love, I Hate You",Eliah Greenwood,Length: 11 hrs and 45 mins
The Five Graces of Life and Leadership,Gary Burnison,Length: 1 hr and 19 mins
Eragon,Christopher Paolini,Length: 16 hrs and 22 mins
A New Earth,Eckhart Tolle,Length: 9 hrs and 12 mins
A Flicker in the Dark,Stacy Willingham,Length: 11 hrs and 1 min
Going There,Katie Couric,Length: 15 hrs and 27 mins
The Magnolia Palace,Fiona Davis,Length: 11 hrs and 9 mins
Death by Chocolate Chip Cupcake,Sarah Graves,Length: 9 hrs and 49 mins
Free Time,Jenny Blake,Length: 10 hrs and 36 mins
Algorithms to Live By,"Brian Christian,Tom Griffiths",Length: 11 hrs and 50 mins
Sword Diplomacy,Michael Anderle,Length: 8 hrs and 26 mins
Powerful Phrases for Dealing with Difficult People,Renee Evenson,Length: 6 hrs and 53 mins
The Rape of the Mind,Dr. Joost A.M. Meerloo,Length: 10 hrs and 23 mins
A Family of Strangers,Fiona Lowe,Length: 16 hrs and 10 mins
Dying to Be Me,Anita Moorjani,Length: 7 hrs and 52 mins
World War Z: The Complete Edition,Max Brooks,Length: 12 hrs and 9 mins
The Ghost and the Birthday Boy,"Bobbi Holmes,Anna J. McIntyre",Length: 9 hrs and 23 mins
Rhapsodic,Laura Thalassa,Length: 9 hrs and 46 mins
The Little Book That Still Beats the Market,Joel Greenblatt,Length: 3 hrs and 51 mins
Spin,Robert Charles Wilson,Length: 17 hrs and 28 mins
Nothing Is True and Everything Is Possible,Peter Pomerantsev,Length: 8 hrs and 28 mins
Yellow Crocus,Laila Ibrahim,Length: 8 hrs and 21 mins
Bel Canto,Ann Patchett,Length: 11 hrs and 20 mins
Second Chance,Nathan Hystad,Length: 15 hrs and 6 mins
Heartbreak U: The Finale,Johnni Sherri,Length: 11 hrs and 7 mins
All About Me!,Mel Brooks,Length: 15 hrs and 6 mins
One Step Too Far,Lisa Gardner,Length: 11 hrs and 48 mins
Back to One,Eric Ugland,Length: 7 hrs and 54 mins
The Lightmaker's Manifesto,Karen Walrond,Length: 6 hrs and 31 mins
The Fall,"Lucas Marcum,J.F. Holmes",Length: 7 hrs
Two Crazy: Bust a Move,Margaret Lashley,Length: 6 hrs and 12 mins
"Never Eat Alone, Expanded and Updated","Keith Ferrazzi,Tahl Raz",Length: 13 hrs and 49 mins
Ca$hvertising,Drew Eric Whitman,Length: 6 hrs and 17 mins
Killing Sacred Cows,Garrett B. Gunderson,Length: 8 hrs and 11 mins
Less,Andrew Sean Greer,Length: 8 hrs and 17 mins
The Big Picture,Sean Carroll,Length: 17 hrs and 22 mins
Superforecasting,"Philip Tetlock,Dan Gardner",Length: 9 hrs and 45 mins
Final Girls,Riley Sager,Length: 12 hrs and 24 mins
Enchanting the Heiress,Kristi Ann Hunter,Length: 11 hrs and 20 mins
The Checklist Manifesto,Atul Gawande,Length: 6 hrs and 9 mins
Rebecca,Daphné du Maurier,Length: 14 hrs and 48 mins
Lean In,Sheryl Sandberg,Length: 6 hrs and 27 mins
"Friends, Lovers, and the Big Terrible Thing",Matthew Perry,Length: 9 hrs and 45 mins
Independent People,Halldór Laxness,Length: 20 hrs and 56 mins
Head Above Water,CE Ricci,Length: 12 hrs and 22 mins
A Tree Grows in Brooklyn,Betty Smith,Length: 14 hrs and 55 mins
Predictably Irrational,Dan Ariely,Length: 7 hrs and 22 mins
Scaling Up,Verne Harnish,Length: 8 hrs and 49 mins
Invisible Man,Ralph Ellison,Length: 18 hrs and 36 mins
A Life in Parts,Bryan Cranston,Length: 8 hrs and 53 mins
Fractured Earth,Cale Plamann,Length: 9 hrs and 37 mins
A Necessary Heresy,Davis Ashura,Length: 22 hrs and 46 mins
Stolen Focus,Johann Hari,Length: 10 hrs and 12 mins
1-2-3 Magic,Thomas W. Phelan PhD,Length: 7 hrs and 1 min
Difficult Conversations,"Douglas Stone,Bruce Patton,Sheila Heen",Length: 5 hrs and 40 mins
"Don't Sweat the Small Stuff, and It's All Small Stuff",Richard Carlson,Length: 4 hrs
Conversations with Friends,Sally Rooney,Length: 8 hrs and 21 mins
Assata,"Assata Shakur,Angela Davis - foreword",Length: 12 hrs and 18 mins
The Art of Racing in the Rain,Garth Stein,Length: 6 hrs and 56 mins
I'm Thinking of Ending Things,Iain Reid,Length: 5 hrs and 22 mins
The Bear and the Nightingale,Katherine Arden,Length: 11 hrs and 48 mins
Go for No!,"Richard Fenton,Andrea Waltz",Length: 1 hr and 33 mins
The Most Important Thing,Howard Marks,Length: 7 hrs and 9 mins
Hidden Figures,Margot Lee Shetterly,Length: 10 hrs and 47 mins
Brain over Binge,Kathryn Hansen,Length: 10 hrs and 2 mins
Giovanni's Room,James Baldwin,Length: 6 hrs and 49 mins
No Easy Day,"Mark Owen,Kevin Maurer",Length: 6 hrs and 50 mins
Leading Change,John P. Kotter,Length: 6 hrs and 34 mins
Annihilation,Jeff VanderMeer,Length: 6 hrs
Solve for Happy,Mo Gawdat,Length: 11 hrs and 12 mins
A Tale for the Time Being,Ruth Ozeki,Length: 14 hrs and 43 mins
An Unquiet Mind,Kay Redfield Jamison,Length: 2 hrs and 46 mins
Salt to the Sea,Ruta Sepetys,Length: 8 hrs and 47 mins
Bad Feminist,Roxane Gay,Length: 11 hrs and 46 mins
Under One Roof,Ali Hazelwood,Length: 3 hrs and 38 mins
Esperanza Rising,Pam Munoz Ryan,Length: 4 hrs and 42 mins
The Top 10 Distinctions Between Millionaires and the Middle Class,Keith Cameron Smith,Length: 1 hr and 44 mins
Endurance,Alfred Lansing,Length: 10 hrs and 20 mins
Simply Said,Jay Sullivan,Length: 5 hrs and 46 mins
A Head Full of Ghosts,Paul Tremblay,Length: 8 hrs and 49 mins
If We Were Villains,M. L. Rio,Length: 12 hrs and 50 mins
The Forever War,Joe Haldeman,Length: 9 hrs and 18 mins
Star Trek: Picard: No Man's Land,"Kirsten Beyer,Mike Johnson",Length: 1 hr and 39 mins
Deep Work,Cal Newport,Length: 7 hrs and 44 mins
Code Name Verity,Elizabeth Wein,Length: 10 hrs and 3 mins
Journey of Souls,Michael Newton,Length: 11 hrs and 18 mins
The Boys in the Boat,Daniel James Brown,Length: 14 hrs and 24 mins
A Little Life,Hanya Yanagihara,Length: 32 hrs and 51 mins
Year of Yes,Shonda Rhimes,Length: 7 hrs and 4 mins
Homegoing,Yaa Gyasi,Length: 13 hrs and 11 mins
The Kite Runner,Khaled Hosseini,Length: 12 hrs and 1 min
The Things They Carried,Tim O'Brien,Length: 7 hrs and 47 mins
The Hate U Give,Angie Thomas,Length: 11 hrs and 50 mins
Between the World and Me,Ta-Nehisi Coates,Length: 3 hrs and 35 mins
The Hard Thing About Hard Things,Ben Horowitz,Length: 7 hrs and 57 mins
Set for Life,Scott Trench,Length: 8 hrs and 24 mins
The Phoenix Project,"Gene Kim,Kevin Behr,George Spafford",Length: 14 hrs and 46 mins
The Glass Castle,Jeannette Walls,Length: 10 hrs and 25 mins
The Immortal Life of Henrietta Lacks,Rebecca Skloot,Length: 12 hrs and 30 mins
Oh Crap! Potty Training,Jamie Glowacki,Length: 8 hrs and 4 mins
"Creativity, Inc.","Ed Catmull,Amy Wallace",Length: 12 hrs and 52 mins
Designing Your Life,"Bill Burnett,Dave Evans",Length: 6 hrs and 18 mins
Howl's Moving Castle,Diana Wynne Jones,Length: 8 hrs and 34 mins
Hillbilly Elegy,J. D. Vance,Length: 6 hrs and 49 mins
The Power of Moments,"Chip Heath,Dan Heath",Length: 6 hrs and 24 mins
13 Things Mentally Strong People Don't Do,Amy Morin,Length: 6 hrs and 36 mins
Forsaken,Andrew Van Wey,Length: 11 hrs and 41 mins
So Good They Can't Ignore You,Cal Newport,Length: 6 hrs and 28 mins
The Keeper of Lost Things,Ruth Hogan,Length: 8 hrs and 34 mins
Why We Sleep,Matthew Walker,Length: 13 hrs and 52 mins
The Whole Body Reset,"Stephen Perrine,Heidi Skolnik",Length: 6 hrs and 58 mins
The Long Weekend,Gilly Macmillan,Length: 8 hrs and 50 mins
Girls Can Kiss Now,Jill Gutowitz,Length: 7 hrs and 4 mins
The Synergy Solution,"Mark Sirower,Jeff Weirens",Length: 12 hrs and 7 mins
Black Cake,Charmaine Wilkerson,Length: 12 hrs and 2 mins
The Power Broker,Robert A. Caro,Length: 66 hrs and 9 mins
Number the Stars,Lois Lowry,Length: 2 hrs and 45 mins
Open,Andre Agassi,Length: 18 hrs and 4 mins
The Kaiju Preservation Society,John Scalzi,Length: 8 hrs and 2 mins
The Thief,Megan Whalen Turner,Length: 7 hrs and 41 mins
Psycho-Cybernetics,Maxwell Maltz,Length: 12 hrs and 16 mins
The Creature from Jekyll Island,G. Edward Griffin,Length: 24 hrs and 21 mins
Never Give Up,Bear Grylls,Length: 8 hrs and 35 mins
Wicked Heat,Ella Frank,Length: 7 hrs and 8 mins
The Beauty of Dusk,Frank Bruni,Length: 8 hrs and 46 mins
Hunter's Moon,Linsey Hall,Length: 5 hrs and 1 min
1491,Charles C. Mann,Length: 16 hrs and 17 mins
Everybody Writes,Ann Handley,Length: 8 hrs and 44 mins
Blessed Are the Bank Robbers,Chas Smith,Length: 6 hrs and 38 mins
Ecstatic,T.S. Snow,Length: 7 hrs and 19 mins
"Short-Term Rental, Long-Term Wealth",Avery Carl,Length: 4 hrs and 31 mins
A Ghost in the Throat,Doireann Ní Ghríofa,Length: 7 hrs and 51 mins
Playmakers,Mike Florio,Length: 12 hrs and 12 mins
The Wife Between Us,"Greer Hendricks,Sarah Pekkanen",Length: 11 hrs and 30 mins
Children of Time,Adrian Tchaikovsky,Length: 16 hrs and 31 mins
The Girl with the Dragon Tattoo,"Stieg Larsson,Reg Keeland - translator",Length: 16 hrs and 19 mins
Mother of Learning Arc 1,"nobody103,Domagoj Kurmaic",Length: 22 hrs and 55 mins
"Naked, Short and Greedy",Susanne Trimbath,Length: 5 hrs and 45 mins
Playing to Win,"Roger L. Martin,A.G. Lafley",Length: 7 hrs and 9 mins
Capital in the Twenty-First Century,"Thomas Piketty,Arthur Goldhammer - translator",Length: 24 hrs and 58 mins
E-Squared,Pam Grout,Length: 3 hrs and 50 mins
The Magic of Thinking Big,David Schwartz,Length: 9 hrs and 31 mins
Ender's Game,Orson Scott Card,Length: 11 hrs and 57 mins
Imaginable,Jane McGonigal,Length: 16 hrs and 31 mins
Fear Thy Neighbor,Fern Michaels,Length: 8 hrs and 39 mins
Change on the Fly,Maren Moore,Length: 6 hrs and 17 mins
The Great Influenza,John M. Barry,Length: 19 hrs and 26 mins
The Other End of the Leash,Patricia McConnell PhD,Length: 9 hrs and 52 mins
Spirited Situation,Louisa Masters,Length: 7 hrs and 9 mins
Untangled,Lisa Damour,Length: 8 hrs and 37 mins
Nonviolent Communication,Marshall Rosenberg PhD,Length: 5 hrs and 9 mins
Down the Rabbit Hole,Holly Madison,Length: 10 hrs and 51 mins
The Energy Bus,Jon Gordon,Length: 2 hrs and 39 mins
Being Mortal,Atul Gawande,Length: 9 hrs and 3 mins
Bossypants,Tina Fey,Length: 5 hrs and 32 mins
The New Jim Crow,Michelle Alexander,Length: 16 hrs and 57 mins
Drive,Daniel H. Pink,Length: 5 hrs and 53 mins
Captivate,Vanessa Van Edwards,Length: 7 hrs and 28 mins
The Maze Runner,James Dashner,Length: 10 hrs and 50 mins
Tuesdays with Morrie,Mitch Albom,Length: 3 hrs and 42 mins
Holes,Louis Sachar,Length: 4 hrs and 30 mins
The New One Minute Manager,"Ken Blanchard,Spencer Johnson",Length: 1 hr and 27 mins
A Thousand Splendid Suns,Khaled Hosseini,Length: 11 hrs and 43 mins
In Every Mirror She’s Black,Lolá Ákínmádé Åkerström,Length: 12 hrs and 12 mins
Make Love the Bruce Campbell Way,Bruce Campbell,Length: 6 hrs and 17 mins
Moonstruck,Onley James,Length: 8 hrs and 42 mins
Between Family,W.R. Gingell,Length: 8 hrs and 49 mins
Shock Action,Rick Partlow,Length: 8 hrs and 20 mins
In My Dreams I Hold a Knife,Ashley Winstead,Length: 10 hrs and 22 mins
The Happiness Trap,Russ Harris,Length: 12 hrs and 19 mins
She's Unlikeable,Aparna Shewakramani,Length: 5 hrs and 19 mins
"Spice and Wolf, Vol. 1 (Light Novel)",Isuna Hasekura,Length: 4 hrs and 53 mins
Hooked,Emily McIntire,Length: 9 hrs
The Perfect Run,"Maxime J. Durand,Void Herald",Length: 17 hrs and 58 mins
The Lean Startup,Eric Ries,Length: 8 hrs and 38 mins
Matilda,Roald Dahl,Length: 4 hrs and 18 mins
A Brief History of Time,Stephen Hawking,Length: 5 hrs and 46 mins
Conversations with People Who Hate Me,Dylan Marron,Length: 7 hrs and 12 mins
The Devil Never Sleeps,Juliette Kayyem,Length: 6 hrs and 34 mins
The Lady's Mine,Francine Rivers,Length: 15 hrs and 19 mins
"Change Your Paradigm, Change Your Life",Bob Proctor,Length: 5 hrs and 20 mins
The Intersectional Environmentalist,Leah Thomas,Length: 4 hrs and 1 min
Long Walk to Freedom,Nelson Mandela,Length: 27 hrs and 39 mins
Knowing God,J. I. Packer,Length: 10 hrs
One Flew Over the Cuckoo's Nest,"Ken Kesey,Robert Faggen - introduction",Length: 10 hrs and 32 mins
Altogether You: Experiencing Personal and Spiritual Transformation with Internal Family Systems Therapy,Jenna Riemersma,Length: 7 hrs and 35 mins
The Haunting of Hill House,Shirley Jackson,Length: 7 hrs and 27 mins
The Tobacco Wives,Adele Myers,Length: 10 hrs and 18 mins
The Promise,Damon Galgut,Length: 9 hrs and 37 mins
The Red Tent,Anita Diamant,Length: 11 hrs and 50 mins
The Circle Maker,Mark Batterson,Length: 7 hrs and 35 mins
Kings of the Wyld,Nicholas Eames,Length: 17 hrs and 49 mins
Nowhere for Very Long,Brianna Madia,Length: 6 hrs and 31 mins
Lay the Hate,"Jason Anspach,Nick Cole",Length: 8 hrs and 27 mins
Comedy Comedy Comedy Drama,Bob Odenkirk,Length: 7 hrs and 52 mins
The Exorcist,William Peter Blatty,Length: 12 hrs and 51 mins
The Magicians,Lev Grossman,Length: 17 hrs and 24 mins
The Asset,Saul Herzog,Length: 12 hrs and 39 mins
Medical Apartheid,Harriet A. Washington,Length: 19 hrs and 2 mins
Killer View,Roy Johansen,Length: 8 hrs and 32 mins
Anthem,Noah Hawley,Length: 15 hrs and 24 mins
Race Rivalry,S.H. Jucha,Length: 13 hrs and 25 mins
Rule Your Day,Joel Osteen,Length: 2 hrs and 37 mins
And They Lived...,Steven Salvatore,Length: 10 hrs and 4 mins
The Order,Jeremy Robinson,Length: 10 hrs and 40 mins
The Last Kingdom,Bernard Cornwell,Length: 13 hrs and 28 mins
Alexander Hamilton,Ron Chernow,Length: 35 hrs and 58 mins
Catch-22,Joseph Heller,Length: 19 hrs and 58 mins
The Future Is History,Masha Gessen,Length: 16 hrs and 45 mins
Sacrifice,Patrick Underwood,Length: 10 hrs and 2 mins
The Witches' Blade,AK Mulford,Length: 16 hrs and 25 mins
The Devil and the Deep Blue Sea,Elizabeth O'Roark,Length: 9 hrs and 28 mins
Sparring Partners,John Grisham,Length: 10 hrs and 30 mins
Free Spirit,H.A. Wills,Length: 12 hrs and 48 mins
The Counterfeit Climax,"Dave Willis,Ashley Willis",Length: 3 hrs and 46 mins
The Ogress and the Orphans,Kelly Barnhill,Length: 13 hrs and 4 mins
The Sophia Code,Kaia Ra,Length: 15 hrs and 53 mins
Below Zero,Ali Hazelwood,Length: 3 hrs and 43 mins
Killing the Killers,"Bill O'Reilly,Martin Dugard",Length: 9 hrs and 15 mins
The Out-of-Sync Child,Carol Kranowitz,Length: 10 hrs and 17 mins
The Code of the Extraordinary Mind,Vishen Lakhiani,Length: 9 hrs
The Secrets We Share,Edwin Hill,Length: 8 hrs and 54 mins
Small Things Like These,Claire Keegan,Length: 1 hr and 57 mins
Smart Growth,Whitney Johnson,Length: 7 hrs and 36 mins
Untrue Blue,Emma Jameson,Length: 7 hrs and 15 mins
From F-4 Phantom to A-10 Warthog,Steven K Ladd,Length: 12 hrs and 58 mins
The Cost of Discipleship,Dietrich Bonhoeffer,Length: 9 hrs
Hopes and Dreams,PJ Trebelhorn,Length: 6 hrs and 49 mins
Call the Midwife,Jennifer Worth,Length: 12 hrs and 1 min
Critical Failures IX,Robert Bevan,Length: 16 hrs and 27 mins
I Hate You - Don't Leave Me: Third Edition,"Jerold J. Kreisman,Hal Straus",Length: 10 hrs and 32 mins
Six Thinking Hats,Edward de Bono,Length: 4 hrs and 15 mins
Not a Fan (Updated and Expanded),Kyle Idleman,Length: 6 hrs and 13 mins
The Fabric of Civilization,Virginia I. Postrel,Length: 9 hrs and 42 mins
Intermittent Fasting Transformation,Cynthia Thurlow,Length: 7 hrs and 8 mins
Vicious,V. E. Schwab,Length: 9 hrs and 23 mins
This Is Vegan Propaganda,Ed Winters,Length: 8 hrs and 15 mins
The Nineties,Chuck Klosterman,Length: 12 hrs and 39 mins
Happy People Are Annoying,Josh Peck,Length: 6 hrs and 18 mins
In Love,Amy Bloom,Length: 4 hrs and 49 mins
The Magnificent Lives of Marjorie Post,Allison Pataki,Length: 14 hrs and 35 mins
I Was Better Last Night,Harvey Fierstein,Length: 12 hrs and 32 mins
Diamonds and Deadlines,Betsy Prioleau,Length: 9 hrs and 31 mins
The Thorns Remain,"Jennifer Hartmann,Chelley St Clair",Length: 14 hrs and 4 mins
The Oceanography of the Moon,Glendy Vanderah,Length: 10 hrs and 31 mins
Ruthless Crown,Amanda Richardson,Length: 5 hrs and 33 mins
Team of Teams,"Gen. Stanley McChrystal,Tantum Collins,David Silverman,Chris Fussell",Length: 12 hrs and 6 mins
Flow,Mihaly Csikszentmihalyi Ph.D.,Length: 5 hrs and 31 mins
The Poisonwood Bible,Barbara Kingsolver,Length: 15 hrs and 34 mins
The Celestine Prophecy,James Redfield,Length: 8 hrs and 27 mins
In Order to Live,Yeonmi Park,Length: 9 hrs and 37 mins
Prior Affair,Christina C. Jones,Length: 5 hrs and 20 mins
Technical Threat,Julie Trettel,Length: 7 hrs and 9 mins
Dark City (Revised and Expanded Edition),Eddie Muller,Length: 12 hrs and 19 mins
Vows That Bind,"Cynthia Dane,Hildred Billings",Length: 13 hrs and 12 mins
Existentially Challenged,Yahtzee Croshaw,Length: 9 hrs and 10 mins
Fairy Tale,Stephen King,Length: 24 hrs
Not Drinking Tonight,Amanda E. White LPC,Length: 6 hrs and 42 mins
Forward,Andrew Yang,Length: 9 hrs and 17 mins
Flock,Kate Stewart,Length: 10 hrs and 12 mins
Wicked,Gregory Maguire,Length: 19 hrs and 42 mins
Pussy,Regena Thomashauer,Length: 9 hrs and 32 mins
The Shack,William P. Young,Length: 9 hrs and 15 mins
World on Edge,Chris Pike,Length: 6 hrs and 47 mins
Run Like a Pro (Even If You're Slow),"Matt Fitzgerald,Ben Rosario",Length: 8 hrs and 4 mins
Deathly Delinquency,Eva Chase,Length: 7 hrs and 12 mins
The Secret,Kristen Proby,Length: 5 hrs and 37 mins
Act Like You Got Some Sense,Jamie Foxx,Length: 5 hrs and 47 mins
Coach K,Ian O'Connor,Length: 16 hrs and 3 mins
The Anatomy of Anxiety,Ellen Vora,Length: 8 hrs and 7 mins
One Night on the Island,Josie Silver,Length: 10 hrs and 21 mins
Brain-Body Parenting,Mona Delahooke,Length: 10 hrs and 14 mins
Unmissing,Minka Kent,Length: 7 hrs and 36 mins
Drop Acid,David Perlmutter MD,Length: 9 hrs and 12 mins
Code over Country,Matthew Cole,Length: 12 hrs and 10 mins
The Biology of Belief,Bruce H. Lipton PhD,Length: 10 hrs and 24 mins
I Must Betray You,Ruta Sepetys,Length: 7 hrs and 10 mins
On Killing,Lt. Col. Dave Grossman,Length: 10 hrs and 23 mins
Unoffendable,Brant Hansen,Length: 4 hrs and 21 mins
Who,"Geoff Smart,Randy Street",Length: 4 hrs and 47 mins
SuperLife,Darin Olien,Length: 7 hrs and 29 mins
Eleven Rings,"Phil Jackson,Hugh Delehanty",Length: 10 hrs and 27 mins
A Long Walk to Water,Linda Sue Park,Length: 2 hrs and 41 mins
Restart,Gordon Korman,Length: 6 hrs and 51 mins
With the Old Breed,E. B. Sledge,Length: 13 hrs and 58 mins
Rising World,Kris Schnee,Length: 14 hrs and 8 mins
Legacy,James Kerr,Length: 5 hrs and 33 mins
The Sixth Extinction,Elizabeth Kolbert,Length: 9 hrs and 59 mins
13 Hours,"Mitchell Zuckoff,Annex Security Team",Length: 7 hrs and 43 mins
Let My People Go Surfing,"Yvon Chouinard,Naomi Klein",Length: 7 hrs and 59 mins
Stories of Your Life and Others,Ted Chiang,Length: 10 hrs and 23 mins
Shattered,Sloane Kennedy,Length: 8 hrs and 55 mins
The Business Playbook,Chris Ronzio,Length: 3 hrs and 17 mins
The Kybalion,The Three Intiates,Length: 4 hrs and 6 mins
Heretic Spellblade 4,K.D. Robertson,Length: 19 hrs and 4 mins
The Forbidden,Lori Holmes,Length: 11 hrs and 9 mins
Made to Stick,"Chip Heath,Dan Heath",Length: 8 hrs and 37 mins
Switch,"Dan Heath,Chip Heath",Length: 7 hrs and 43 mins
This Is How Your Marriage Ends,Matthew Fray,Length: 9 hrs and 15 mins
Empire of the Scalpel,Ira Rutkow MD,Length: 15 hrs and 22 mins
The Long-Forgotten Winter King,Annette Marie,Length: 8 hrs and 12 mins
Wright That Got Away,K.A. Linde,Length: 9 hrs and 2 mins
One Second After,William R. Forstchen,Length: 13 hrs and 17 mins
Getting Things Done,David Allen,Length: 10 hrs and 23 mins
What Every BODY Is Saying,"Joe Navarro,Marvin Karlins",Length: 7 hrs and 19 mins
Benjamin Franklin: An American Life,Walter Isaacson,Length: 24 hrs and 40 mins
The E-Myth Revisited,Michael E. Gerber,Length: 8 hrs and 5 mins
Getting to Yes,"Roger Fisher,William Ury",Length: 6 hrs and 17 mins
Station Eleven (Television Tie-in),Emily St. John Mandel,Length: 10 hrs and 40 mins
Shantaram,Gregory David Roberts,Length: 42 hrs and 59 mins
Red Notice,Bill Browder,Length: 14 hrs and 7 mins
Beloved,Toni Morrison,Length: 12 hrs and 3 mins
The Hero with a Thousand Faces,Joseph Campbell,Length: 14 hrs and 37 mins
The Outsiders,S. E. Hinton,Length: 5 hrs and 8 mins
Tribe,Sebastian Junger,Length: 2 hrs and 59 mins
A Wrinkle in Time,Madeleine L'Engle,Length: 6 hrs and 27 mins
The Goal,"Eliyahu M. Goldratt,Jeff Cox",Length: 11 hrs and 45 mins
Self-Compassion,Kristin Neff,Length: 8 hrs and 59 mins
Their Eyes Were Watching God,Zora Neale Hurston,Length: 6 hrs and 44 mins
Divergent,Veronica Roth,Length: 11 hrs and 11 mins
"Multipliers, Revised and Updated","Liz Wiseman,Stephen Covey - foreword",Length: 11 hrs and 24 mins
The Road Back to You,"Ian Morgan Cron,Suzanne Stabile",Length: 9 hrs and 17 mins
Genghis Khan and the Making of the Modern World,Jack Weatherford,Length: 14 hrs and 20 mins
Starship Troopers,Robert A. Heinlein,Length: 9 hrs and 52 mins
The Life-Changing Magic of Tidying Up,Marie Kondo,Length: 4 hrs and 50 mins
The Speed of Trust,Stephen M. R. Covey,Length: 12 hrs and 13 mins
Sharp Objects,Gillian Flynn,Length: 9 hrs and 34 mins
Feeling Good,David D. Burns MD,Length: 13 hrs and 20 mins
Freakonomics,"Steven D. Levitt,Stephen J. Dubner",Length: 7 hrs and 51 mins
The Accidental Superpower,Peter Zeihan,Length: 12 hrs and 19 mins
Just Mercy (Movie Tie-In Edition),Bryan Stevenson,Length: 11 hrs and 11 mins
American Psycho,Bret Easton Ellis,Length: 16 hrs and 29 mins
Red Queen,Victoria Aveyard,Length: 12 hrs and 39 mins
Uniquely Average,Susan Hawke,Length: 4 hrs and 26 mins
Turning Red,Cynthea Liu,Length: 3 hrs and 34 mins
How Will You Measure Your Life?,"Clayton M. Christensen,James Allworth",Length: 5 hrs and 28 mins
Lilac Girls,Martha Hall Kelly,Length: 17 hrs and 30 mins
To Sell Is Human,Daniel H. Pink,Length: 6 hrs and 6 mins
The Chief’s Chief,Mark Frank Meadows,Length: 7 hrs and 49 mins
The Heroine's Journey,Maureen Murdock,Length: 7 hrs and 35 mins
The Money Revolution,Richard Duncan,Length: 15 hrs and 21 mins
Human Insanity,KamikazePotato,Length: 17 hrs and 6 mins
The Goodbye Coast,Joe Ide,Length: 12 hrs and 1 min
Watch Her Disappear,Lisa Regan,Length: 11 hrs and 26 mins
How Civil Wars Start,Barbara F. Walter,Length: 7 hrs and 17 mins
Stone Broke Heiress,Danielle Owen-Jones,Length: 8 hrs and 22 mins
Sh*tty Mom,"Karen Moline,Mary Ann Zoellner,Alicia Ybarbo,Laurie Kilmartin",Length: 3 hrs and 15 mins
Our African Unconscious,"Edward Bruce Bynum PhD ABPP,Linda James Myers",Length: 17 hrs and 29 mins
I Am Legend,Richard Matheson,Length: 5 hrs and 20 mins
Unlocking the Keto Code,Steven R. Gundry MD,Length: 6 hrs and 12 mins
The Night Shift,Alex Finlay,Length: 8 hrs and 34 mins
The Shadow of the Gods,John Gwynne,Length: 18 hrs and 14 mins
World of Warcraft: Sylvanas,Christie Golden,Length: 15 hrs and 38 mins
The Fifth Season,N. K. Jemisin,Length: 15 hrs and 27 mins
Raising Men,"Eric Davis,Dina Santorelli - contributor",Length: 6 hrs and 41 mins
The Game,Neil Strauss,Length: 9 hrs and 27 mins
"The First 90 Days, Updated and Expanded",Michael Watkins,Length: 6 hrs and 58 mins
The Handmaid's Tale,Margaret Atwood,Length: 11 hrs and 1 min
Hyperion,Dan Simmons,Length: 20 hrs and 44 mins
The Giver,Lois Lowry,Length: 4 hrs and 49 mins
Building a StoryBrand,Donald Miller,Length: 4 hrs and 56 mins
The Ideal Team Player,Patrick M. Lencioni,Length: 5 hrs and 3 mins
When Breath Becomes Air,"Paul Kalanithi,Abraham Verghese - foreword",Length: 5 hrs and 35 mins
Hatchet,Gary Paulsen,Length: 3 hrs and 42 mins
Unbroken,Laura Hillenbrand,Length: 13 hrs and 56 mins
Antifragile,Nassim Nicholas Taleb,Length: 16 hrs and 14 mins
Charlotte's Web,E. B. White,Length: 3 hrs and 34 mins
Scythe,Neal Shusterman,Length: 10 hrs and 32 mins
The Seat of the Soul,Gary Zukav,Length: 10 hrs and 12 mins
The Last Black Unicorn,Tiffany Haddish,Length: 6 hrs and 29 mins
Too Late,C. Hoover,Length: 13 hrs and 4 mins
The Advantage,Patrick Lencioni,Length: 5 hrs and 25 mins
Why Does He Do That?,Lundy Bancroft,Length: 13 hrs and 32 mins
The Road Less Traveled,M. Scott Peck M.D.,Length: 4 hrs and 23 mins
A Child Called 'It',David Pelzer,Length: 3 hrs and 46 mins
A Darker Shade of Magic,V. E. Schwab,Length: 11 hrs and 34 mins
Infinite Jest,David Foster Wallace,Length: 56 hrs and 12 mins
Hooked: How to Build Habit-Forming Products,"Nir Eyal,Ryan Hoover",Length: 4 hrs and 40 mins
The Empath's Survival Guide,Judith Orloff,Length: 7 hrs and 15 mins
Beqoming,"Azrya Bequer,Benjamin Bequer",Length: 12 hrs and 12 mins
The Secret History,Donna Tartt,Length: 22 hrs and 3 mins
Belly of the Beast,"Da'Shaun L. Harrison,Kiese Laymon - foreword",Length: 3 hrs and 29 mins
God vs. Government,"Nathan Busenitz,James Coates",Length: 5 hrs and 50 mins
The Pursuit of Love,Nancy Mitford,Length: 7 hrs and 38 mins
Campaign of the Century,Irwin F. Gellman,Length: 16 hrs and 6 mins
Into the Wild,Jon Krakauer,Length: 7 hrs and 5 mins
Loving What Is,"Byron Katie,Stephen Mitchell",Length: 9 hrs and 7 mins
The Spanish Daughter,Lorena Hughes,Length: 9 hrs and 42 mins
The Invasion,Ivan Kal,Length: 6 hrs and 33 mins
Electrify,Saul Griffith,Length: 7 hrs and 13 mins
Age of Ash,Daniel Abraham,Length: 14 hrs and 35 mins
The Far Land,Brandon Presser,Length: 11 hrs and 8 mins
The Misfit Soldier,Michael Mammay,Length: 8 hrs and 29 mins
All Rhodes Lead Here,Mariana Zapata,Length: 16 hrs and 29 mins
You're Not Dying You're Just Waking Up,Elizabeth April,Length: 7 hrs and 23 mins
Defy the Odds,"Benny Tate,Brittany McKneely,Jentezen Franklin - foreword",Length: 6 hrs and 15 mins
Magpie Murders,Anthony Horowitz,Length: 15 hrs and 48 mins
The Success Principles(TM) - 10th Anniversary Edition,"Jack Canfield,Janet Switzer",Length: 21 hrs and 46 mins
Forever Boy,Kate Swenson,Length: 9 hrs and 26 mins
Heartbreak,Florence Williams,Length: 10 hrs and 37 mins
The Verifiers,Jane Pek,Length: 11 hrs and 46 mins
What It Took to Win,Michael Kazin,Length: 13 hrs and 41 mins
Profit First,Mike Michalowicz,Length: 8 hrs and 35 mins
The Old Woman with the Knife,"Gu Byeong-mo,Chi-Young Kim - translator",Length: 6 hrs and 29 mins
"Happy Mind, Happy Life",Dr Rangan Chatterjee,Length: 5 hrs and 44 mins
Split the Pie,Barry Nalebuff,Length: 8 hrs and 42 mins
"Move the Body, Heal the Mind",Jennifer Heisz,Length: 6 hrs and 18 mins
Blood in the Garden,Chris Herring,Length: 11 hrs and 3 mins
Race After Technology,Ruha Benjamin,Length: 6 hrs and 38 mins
Mastering Community,Christine Porath,Length: 10 hrs and 48 mins
Black Market,Merl Code,Length: 8 hrs and 10 mins
Abandoned in Death,J. D. Robb,Length: 13 hrs and 16 mins
The Beginning of Infinity,David Deutsch,Length: 20 hrs
Declared,"Sam Burns,W.M. Fawkes",Length: 5 hrs and 41 mins
Owning the Sun,Alexander Zaitchik,Length: 9 hrs and 15 mins
The Girl Who Fell Beneath the Sea,Axie Oh,Length: 8 hrs and 50 mins
"The DevOps Handbook, Second Edition","Gene Kim,Jez Humble,Patrick Debois,John Willis,Nicole Forsgren",Length: 15 hrs and 51 mins
Swan Song,Robert R. McCammon,Length: 34 hrs and 19 mins
Shady Hollow,Juneau Black,Length: 6 hrs and 16 mins
Soft Skills,John Sonmez,Length: 12 hrs and 3 mins
The Amendment,Kiersten Modglin,Length: 5 hrs and 37 mins
The Easy Way to Stop Smoking,Allen Carr,Length: 5 hrs and 59 mins
Charlie and the Chocolate Factory,Roald Dahl,Length: 3 hrs and 18 mins
On the Road,Jack Kerouac,Length: 11 hrs and 8 mins
Debt - Updated and Expanded,David Graeber,Length: 17 hrs and 48 mins
"Many Lives, Many Masters",Brian L. Weiss M.D.,Length: 1 hr and 28 mins
The Simulated Multiverse,Rizwan Virk,Length: 10 hrs and 48 mins
The Hag,Marc Eliot,Length: 17 hrs and 50 mins
The Awesome Human Project,Nataly Kogan,Length: 8 hrs and 6 mins
Orphan Train,Christina Baker Kline,Length: 8 hrs and 21 mins
Summerhaven,Tiffany Odekirk,Length: 9 hrs and 44 mins
Grave Misconduct,Eva Chase,Length: 6 hrs and 27 mins
The Big Leap,Gay Hendricks,Length: 5 hrs and 27 mins
The Prince,Niccolo Machiavelli,Length: 4 hrs and 47 mins
The Gates of Europe,Serhii Plokhy,Length: 15 hrs and 20 mins
Napoleon,Andrew Roberts,Length: 32 hrs and 56 mins
Interior Freedom,Jacques Philippe,Length: 3 hrs and 17 mins
Riding with Evil,"Ken Croke,Dave Wedge",Length: 9 hrs and 43 mins
The Left Hand of Darkness,Ursula K. Le Guin,Length: 9 hrs and 39 mins
What I Know for Sure,Oprah Winfrey,Length: 3 hrs and 53 mins
Oryx and Crake,Margaret Atwood,Length: 10 hrs and 30 mins
Call Me by Your Name,André Aciman,Length: 7 hrs and 48 mins
Ronnie and Clyde,Jade Jones,Length: 4 hrs and 49 mins
The Wonderful Wizard of Oz,L. Frank Baum,Length: 3 hrs and 49 mins
Arbiter,"Alexey Osadchuk,Andrew Douglas Schmitt - translator",Length: 9 hrs and 10 mins
The Storyteller,Dave Grohl,Length: 10 hrs and 35 mins
Court,Tracy Wolff,Length: 24 hrs and 22 mins
The Kiss of Death,Auryn Hadley,Length: 16 hrs and 26 mins
Angela Davis,Angela Davis,Length: 19 hrs and 28 mins
The NFT Handbook,"Matt Fortnow,QuHarrison Terry",Length: 7 hrs and 2 mins
Daughter of Ninmah,Lori Holmes,Length: 15 hrs and 13 mins
Dark Signal,Shannon Baker,Length: 9 hrs and 26 mins
Kingdoms of Death,Christopher Ruocchio,Length: 22 hrs and 50 mins
The Kiss List,Maya Hughes,Length: 10 hrs and 56 mins
The City of Ember,Jeanne DuPrau,Length: 6 hrs and 50 mins
Pine Cove: The Complete Series,HJ Welch,Length: 59 hrs and 26 mins
Bringing Up Bébé,Pamela Druckerman,Length: 9 hrs and 8 mins
The Book of Joy,"His Holiness the Dalai Lama,Desmond Tutu,Douglas Carlton Abrams",Length: 10 hrs and 12 mins
The Warmth of Other Suns,Isabel Wilkerson,Length: 22 hrs and 40 mins
Slaughterhouse-Five,Kurt Vonnegut,Length: 5 hrs and 13 mins
Fingerprints of the Gods,Graham Hancock,Length: 18 hrs and 31 mins
The Happiness Advantage,Shawn Achor,Length: 7 hrs and 19 mins
Night,Elie Wiesel,Length: 4 hrs and 17 mins
The Old Man and the Sea,Ernest Hemingway,Length: 2 hrs and 28 mins
Gone Girl,Gillian Flynn,Length: 19 hrs and 11 mins
Band of Brothers,Stephen E. Ambrose,Length: 12 hrs and 37 mins
The Millionaire Fastlane: Crack the Code to Wealth and Live Rich for a Lifetime,MJ DeMarco,Length: 12 hrs and 46 mins
American Sniper,"Chris Kyle,Scott McEwan,Jim DeFelice",Length: 10 hrs and 18 mins
Leonardo da Vinci,Walter Isaacson,Length: 17 hrs and 1 min
The Da Vinci Code,Dan Brown,Length: 16 hrs and 59 mins
Emotional Agility,Susan David,Length: 9 hrs and 21 mins
Red Famine,Anne Applebaum,Length: 17 hrs and 46 mins
A Wizard of Earthsea,Ursula K. Le Guin,Length: 7 hrs and 17 mins
Based on a True Story,Norm Macdonald,Length: 7 hrs and 18 mins
Fervent,Priscilla Shirer,Length: 4 hrs and 25 mins
1Q84,"Haruki Murakami,Jay Rubin - translator,Philip Gabriel - translator",Length: 46 hrs and 45 mins
Originals,"Adam Grant,Sheryl Sandberg - foreword",Length: 10 hrs and 1 min
"Again, Rachel",Marian Keyes,Length: 17 hrs and 30 mins
Don't Cry for Me,Daniel Black,Length: 7 hrs and 28 mins
And Then There Were None,Agatha Christie,Length: 6 hrs and 1 min
A Catalogue of Catastrophe,Jodi Taylor,Length: 13 hrs and 24 mins
Amongst Our Weapons,Ben Aaronovitch,Length: 10 hrs and 35 mins
Sandy Hook,Elizabeth Williamson,Length: 16 hrs and 12 mins
The Big Short,Michael Lewis,Length: 9 hrs and 27 mins
The Woman in Cabin 10,Ruth Ware,Length: 11 hrs and 16 mins
"Eat, Pray, Love",Elizabeth Gilbert,Length: 12 hrs and 49 mins
Waking the Tiger,"Peter A. Levine,Ann Frederick",Length: 8 hrs and 51 mins
The Invention of Wings,Sue Monk Kidd,Length: 13 hrs and 42 mins
Stealing Fire,"Steven Kotler,Jamie Wheal",Length: 8 hrs and 24 mins
Expeditionary Force,Dean Henegar,Length: 13 hrs and 12 mins
Wedge's Gamble,Michael A. Stackpole,Length: 13 hrs and 1 min
The Shifter's Hoard,Dante King,Length: 8 hrs and 49 mins
The Last King of America,Andrew Roberts,Length: 36 hrs and 2 mins
Engines of Empire,R. S. Ford,Length: 22 hrs and 3 mins
Apocalypse Bringer Mynoghra: World Conquest Starts with the Civilization of Ruin,Fehu Kazuno,Length: 6 hrs and 35 mins
Home Fire,Kamila Shamsie,Length: 7 hrs and 54 mins
The Breadwinner,Deborah Ellis,Length: 3 hrs
Fortune's Formula,William Poundstone,Length: 10 hrs and 2 mins
The Boy on the Wooden Box,"Leon Leyson,Marilyn J. Harran - contributor",Length: 4 hrs and 14 mins
Eldest,Christopher Paolini,Length: 23 hrs and 30 mins
The Black Prism,Brent Weeks,Length: 21 hrs and 26 mins
The Future of Money,Eswar S. Prasad,Length: 19 hrs and 46 mins
How to Read a Book,"Mortimer J. Adler,Charles Van Doren",Length: 15 hrs and 26 mins
Loving Yourself Properly,Sylvester McNutt III,Length: 7 hrs and 45 mins
The Bell Jar,Sylvia Plath,Length: 7 hrs and 24 mins
The Vatican Secret,David Leadbeater,Length: 13 hrs and 1 min
Tao Te Ching,"Stephen Mitchell,Lao Tzu",Length: 1 hr and 41 mins
Love Does,Bob Goff,Length: 5 hrs and 35 mins
Behind Her Eyes,Sarah Pinborough,Length: 11 hrs and 29 mins
Uncharted,S. D. Perry,Length: 8 hrs and 24 mins
Moon Touched,Elizabeth Briggs,Length: 8 hrs and 17 mins
Maybe You Never Cry Again,Bernie Mac,Length: 4 hrs and 25 mins
Mother and Son,Dr. Emerson Eggerichs,Length: 8 hrs and 35 mins
Death by Meeting,Patrick Lencioni,Length: 4 hrs and 31 mins
Scrum,"Jeff Sutherland,J.J. Sutherland",Length: 6 hrs and 43 mins
"Tinker, Tailor, Soldier, Spy",John le Carré,Length: 12 hrs and 49 mins
The TB12 Method,Tom Brady,Length: 6 hrs and 55 mins
Necessary Endings,Henry Cloud,Length: 7 hrs and 15 mins
Red Mars,Kim Stanley Robinson,Length: 23 hrs and 51 mins
Out of My Mind,Sharon M. Draper,Length: 6 hrs and 49 mins
Island of the Blue Dolphins,Scott O'Dell,Length: 3 hrs and 55 mins
Watch Me Disappear,Janelle Brown,Length: 13 hrs and 15 mins
Scattered,Gabor Maté MD,Length: 10 hrs and 58 mins
Wildflower,Drew Barrymore,Length: 7 hrs and 5 mins
The Seven Decision,Andy Andrews,Length: 6 hrs and 30 mins
Into the Water,Paula Hawkins,Length: 11 hrs and 32 mins
Men Without Women,"Haruki Murakami,Philip Gabriel - translator,Ted Goossen - translator",Length: 7 hrs and 18 mins
Eat to Live,Joel Fuhrman M.D.,Length: 8 hrs and 57 mins
Eaters of the Dead,Michael Crichton,Length: 5 hrs and 18 mins
Frog and Toad Audio Collection,Arnold Lobel,Length: 1 hr and 29 mins
Stiff,Mary Roach,Length: 8 hrs
Gilead (Oprah's Book Club),Marilynne Robinson,Length: 8 hrs and 54 mins
Clearing Waves,Cody Whitfill,Length: 9 hrs and 47 mins
The House of the Spirits,Isabel Allende,Length: 18 hrs and 51 mins
Legend,Marie Lu,Length: 7 hrs and 48 mins
Changes That Heal,Henry Cloud,Length: 10 hrs and 27 mins
The Revenant,Michael Punke,Length: 9 hrs and 12 mins
Shatter Me,Tahereh Mafi,Length: 9 hrs and 12 mins
Star Wars: Shadow of the Sith,Adam Christopher,Length: 14 hrs
"Jab, Jab, Jab, Right Hook",Gary Vaynerchuk,Length: 5 hrs and 41 mins
Lords of Wrath,"Angel Lawson,Samantha Rue",Length: 14 hrs and 24 mins
Heart of the Devil,Ali Vali,Length: 10 hrs and 31 mins
The Sedona Method,Hale Dwoskin,Length: 12 hrs and 22 mins
Pillow Talk,"Craig Conover,Blake Dvorak - contributor",Length: 7 hrs and 32 mins
Taken by Storm,K.M. Neuhold,Length: 5 hrs and 20 mins
The High Mountain Court,AK Mulford,Length: 15 hrs and 44 mins
The Demon-Haunted World,Carl Sagan,Length: 17 hrs and 23 mins
Long Game,Lisa Suzanne,Length: 4 hrs and 30 mins
The Liar's Knot,M. A. Carrick,Length: 23 hrs and 13 mins
Sylvanas (World of Warcraft),Christie Golden,Length: 15 hrs and 39 mins
There’s No Free Lunch,David L. Bahnsen,Length: 4 hrs and 25 mins
Happy-Go-Lucky,David Sedaris,Length: 7 hrs and 30 mins
The Saints of Swallow Hill,Donna Everhart,Length: 12 hrs and 13 mins
Unlock Your Macro Type,Christine Hronec,Length: 6 hrs and 17 mins
The Sex Lives of African Women,Nana Darkoa Sekyiamah,Length: 10 hrs and 12 mins
The Dawn of Everything,"David Graeber,David Wengrow",Length: 24 hrs and 2 mins
"Strong Fathers, Strong Daughters",Meg Meeker,Length: 7 hrs and 4 mins
Weapons of Math Destruction,Cathy O'Neil,Length: 6 hrs and 23 mins
The Wild Robot,Peter Brown,Length: 4 hrs and 14 mins
The Ultimate Sales Machine,Chet Holmes,Length: 9 hrs and 13 mins
Trump: The Art of the Deal,"Donald J. Trump,Tony Schwartz",Length: 9 hrs and 59 mins
Lone Survivor,"Marcus Luttrell,Patrick Robinson",Length: 14 hrs and 17 mins
The Meaning of Marriage,Timothy Keller,Length: 8 hrs and 15 mins
Emotional,Leonard Mlodinow,Length: 7 hrs and 54 mins
Life 3.0,Max Tegmark,Length: 13 hrs and 29 mins
The Last Empire,Serhii Plokhy,Length: 15 hrs and 58 mins
Dead Silence,S.A. Barnes,Length: 12 hrs and 50 mins
The Dinner Guest,B P Walter,Length: 10 hrs and 6 mins
Tell Me Everything,Erika Krouse,Length: 9 hrs and 35 mins
"Simple Numbers, Straight Talk, Big Profits!",Greg Crabtree,Length: 4 hrs and 45 mins
Tom Clancy Zero Hour,Don Bentley,Length: 11 hrs and 30 mins
A Trial of Sorcerers,Elise Kova,Length: 9 hrs and 35 mins
Room,Emma Donoghue,Length: 10 hrs and 45 mins
Stop at Nothing,Macy Blake,Length: 7 hrs and 24 mins
Sugar Cookies and Sirens,Danielle Garrett,Length: 1 hr and 39 mins
The Seven Husbands of Evelyn Hugo,Taylor Jenkins Reid,Length: 12 hrs and 10 mins
Greener Pastures,Aurora Rey,Length: 9 hrs
Helter Skelter,"Vincent Bugliosi,Curt Gentry",Length: 26 hrs and 29 mins
The Day the World Came to Town,Jim DeFede,Length: 6 hrs and 28 mins
American Kingpin,Nick Bilton,Length: 12 hrs and 14 mins
The Emperor of All Maladies,Siddhartha Mukherjee,Length: 22 hrs and 18 mins
The Journey of Crazy Horse,Joseph M. Marshall III,Length: 10 hrs and 56 mins
Unlikely Fighter,Greg Stier,Length: 5 hrs and 39 mins
The Jazz Age President,Ryan S. Walters,Length: 8 hrs and 50 mins
The Flames of Hope,Tui T. Sutherland,Length: 9 hrs and 12 mins
Dark Stranger: The Dream,I. T. Lucas,Length: 9 hrs and 26 mins
Last Exit,Max Gladstone,Length: 21 hrs and 3 mins
Eight Days in May,"Volker Ullrich,Jefferson Chase - translator",Length: 9 hrs and 34 mins
How to Break Up with Your Friends,Erin Falconer,Length: 5 hrs and 36 mins
Better than Happy,Jody Moore,Length: 8 hrs and 59 mins
The Original Folk and Fairy Tales of the Brothers Grimm,"Jacob Grimm,Wilhelm Grimm,Jack Zipes - translator/editor",Length: 19 hrs and 14 mins
Heart-Shaped Box,Joe Hill,Length: 11 hrs and 3 mins
Hamlet: Fully Dramatized Audio Edition,William Shakespeare,Length: 3 hrs and 32 mins
Little Women,Louisa May Alcott,Length: 19 hrs and 37 mins
I Want This to Work,Elizabeth Earnshaw LMFT CGT,Length: 9 hrs and 27 mins
The Maddest Obsession,Danielle Lori,Length: 10 hrs and 48 mins
Putting the Rabbit in the Hat,Brian Cox,Length: 11 hrs and 40 mins
Before & Laughter,Jimmy Carr,Length: 6 hrs and 45 mins
La batalla cultural [The Cultural Battle],Agustin Laje,Length: 22 hrs and 33 mins
Blood and Magick,Sarah Piper,Length: 7 hrs and 49 mins
Rogue Calamity,Kirk Mason,Length: 8 hrs and 50 mins
Geek Love,Katherine Dunn,Length: 15 hrs and 26 mins
Forrest Gump,Winston Groom,Length: 9 hrs and 9 mins
Frindle,Andrew Clements,Length: 1 hr and 40 mins
Orientalism,Edward Said,Length: 19 hrs and 2 mins
"Bless Me, Ultima",Rudolfo Anaya,Length: 11 hrs and 12 mins
Lovely Darkness,JA Huss,Length: 9 hrs and 24 mins
La revancha de los poderosos [The Revenge of Power],"Moisés Naím,María Luisa Rodríguez Tapia - translator",Length: 15 hrs and 38 mins
A Return to Love,Marianne Williamson,Length: 2 hrs and 40 mins
The Mists of Avalon,Marion Zimmer Bradley,Length: 50 hrs and 53 mins
Finish,Jon Acuff,Length: 4 hrs and 58 mins
Apocalypse Online,Robyn Wideman,Length: 14 hrs and 44 mins
Devil's Redemption,Natasha Knight,Length: 9 hrs and 32 mins
Desperation in Death,J. D. Robb,Length: 10 hrs
No Plan B,"Lee Child,Andrew Child",Length: 11 hrs
The Last Confessions of Sylvia P.,Lee Kravetz,Length: 8 hrs and 28 mins
Stretch,Scott Sonenshein,Length: 7 hrs and 58 mins
The Ghost Bride,Yangsze Choo,Length: 12 hrs and 7 mins
"When I Say No, I Feel Guilty",Manuel J. Smith,Length: 11 hrs and 58 mins
The Latinist,Mark Prins,Length: 12 hrs and 7 mins
Insurgent,Veronica Roth,Length: 11 hrs and 22 mins
Paddle Your Own Canoe,Nick Offerman,Length: 10 hrs and 50 mins
Contagious,Jonah Berger,Length: 6 hrs and 50 mins
The Ramona Quimby Audio Collection,"Beverly Cleary,Tracy Dockray",Length: 18 hrs and 56 mins
Second Chance Vow,M. Robinson,Length: 5 hrs and 54 mins
Murder at the Spring Ball,Benedict Brown,Length: 7 hrs and 49 mins
Star Cursed,Elizabeth Briggs,Length: 8 hrs and 13 mins
Anne Frank: The Diary of a Young Girl,Anne Frank,Length: 9 hrs and 55 mins
Fear and Loathing in Las Vegas,Hunter S. Thompson,Length: 6 hrs
The Girl in the Shadows,Marion Kummerow,Length: 7 hrs and 56 mins
It's Your Ship,D. Michael Abrashoff,Length: 6 hrs and 24 mins
Imagine Heaven,John Burke,Length: 10 hrs and 30 mins
M Is for Mama,Abbie Halberstadt,Length: 5 hrs and 7 mins
Kyron,Dale Mayer,Length: 6 hrs and 33 mins
The Wisdom of Insecurity,Alan Watts,Length: 3 hrs and 57 mins
Botanical Curses and Poisons,Fez Inkwright,Length: 7 hrs and 15 mins
Worth the Candle: Through Adversity,Alexander Wales,Length: 19 hrs and 26 mins
QAnon and On,Van Badham,Length: 12 hrs and 9 mins
Sabriel,Garth Nix,Length: 10 hrs and 43 mins
Narrative of the Life of Frederick Douglass,Frederick Douglass,Length: 4 hrs and 12 mins
The Blood Sugar Solution 10-Day Detox Diet,Dr. Mark Hyman MD,Length: 7 hrs and 32 mins
Five Presidents,"Clint Hill,Lisa McCubbin Hill",Length: 14 hrs and 31 mins
The Storm Before the Storm,Mike Duncan,Length: 10 hrs and 13 mins
Pale Blue Dot,Carl Sagan,Length: 13 hrs and 18 mins
Helmet for My Pillow,Robert Leckie,Length: 10 hrs and 24 mins
"Zen Mind, Beginner's Mind",Shunryu Suzuki,Length: 2 hrs and 58 mins
Beyond Possible,Nims Purja,Length: 9 hrs and 42 mins
The Little Woods,A.G. Mock,Length: 13 hrs and 51 mins
In Every Generation,Kendare Blake,Length: 12 hrs
Ain't Burned All the Bright,Jason Reynolds,Length: 37 mins
Half of a Yellow Sun,Chimamanda Ngozi Adichie,Length: 18 hrs and 10 mins
Hormone Repair Manual,Lara Briden ND,Length: 9 hrs and 47 mins
Black and White,Richard Williams,Length: 8 hrs and 26 mins
Things That Matter,Joshua Becker,Length: 6 hrs and 34 mins
1848,Mike Rapport,Length: 16 hrs and 13 mins
Poet Warrior,Joy Harjo,Length: 5 hrs and 19 mins
Balthazar,Taylor Rylan,Length: 5 hrs and 54 mins
Words That Work,Dr. Frank Luntz,Length: 6 hrs and 16 mins
Despite Chaos,Stacy Lynn Miller,Length: 9 hrs and 46 mins
Box 88,Charles Cumming,Length: 15 hrs and 52 mins
Mad About the Banker,Piper Rayne,Length: 8 hrs and 12 mins
The Devil's Chessboard,David Talbot,Length: 25 hrs and 23 mins
Nova,"Crystal Daniels,Sandy Alvarez",Length: 8 hrs and 14 mins
Dark Night in Big Rock,"William W. Johnstone,J. A. Johnstone",Length: 9 hrs and 38 mins
Blink,Malcolm Gladwell,Length: 7 hrs and 44 mins
Elon Musk,Ashlee Vance,Length: 13 hrs and 23 mins
Shogun,James Clavell,Length: 53 hrs and 33 mins
Autobiography of a Yogi,Paramahansa Yogananda,Length: 17 hrs and 50 mins
Bright Line Eating,Susan Peirce Thompson PhD,Length: 9 hrs and 7 mins
Ikigai,"Héctor García,Francesc Miralles",Length: 3 hrs and 18 mins
Kindred,Octavia E. Butler,Length: 10 hrs and 55 mins
The Forsaken King,Penelope Barsetti,Length: 10 hrs
Pride,Alex Raizman,Length: 15 hrs and 11 mins
Or Else,Joe Hart,Length: 7 hrs and 22 mins
The Color of Dragons,"R. A. Salvatore,Erika Lewis",Length: 10 hrs and 28 mins
When We Cease to Understand the World,"Benjamin Labatut,Adrian West - translator",Length: 5 hrs and 40 mins
Heaven & Spell,Lily Harper Hart,Length: 7 hrs
Tayra,Cebelius,Length: 10 hrs and 41 mins
The Six Pillars of Self-Esteem,Dr. Nathaniel Branden,Length: 3 hrs and 23 mins
Stay Off My Operating Table,Philip Ovadia,Length: 4 hrs and 53 mins
Imagine If...,"Sir Ken Robinson,Kate Robinson",Length: 2 hrs and 40 mins
The Disease to Please,Harriet Braiker,Length: 4 hrs and 20 mins
Remembering Wholeness,Carol Tuttle,Length: 9 hrs and 14 mins
Getting Past No,William Ury,Length: 2 hrs and 6 mins
An Iron Fist,Nazri Noor,Length: 7 hrs and 24 mins
"The Proven Path from Blank Page to 10,000 Copies Sold",Chandler Bolt,Length: 6 hrs and 3 mins
Under the Tuscan Sun,Frances Mayes,Length: 6 hrs and 2 mins
On Trails,Robert Moor,Length: 10 hrs and 37 mins
The Unexpected Inheritance of Inspector Chopra,Vaseem Khan,Length: 7 hrs and 12 mins
What Really Happened in Wuhan,Sharri Markson,Length: 16 hrs and 28 mins
The Bone Shard Emperor,Andrea Stewart,Length: 17 hrs and 31 mins
Crown & Sceptre,Tracy Borman,Length: 20 hrs and 16 mins
Light Is the New Black,Rebecca Campbell,Length: 5 hrs and 35 mins
The Rook,Daniel O'Malley,Length: 17 hrs and 46 mins
A Gentleman in Moscow,Amor Towles,Length: 17 hrs and 52 mins
The Song of Achilles,Madeline Miller,Length: 11 hrs and 15 mins
The Mindbody Prescription,John E. Sarno M.D.,Length: 7 hrs and 4 mins
Pre-Suasion,Robert B. Cialdini,Length: 9 hrs and 24 mins
Uninvited,Lysa TerKeurst,Length: 5 hrs and 27 mins
Murder at Primrose Cottage,Merryn Allingham,Length: 7 hrs and 44 mins
The Whispers,Heidi Perks,Length: 9 hrs and 20 mins
The Killings at Badger’s Drift,Caroline Graham,Length: 8 hrs and 22 mins
Start with Prayer,Max Lucado,Length: 5 hrs and 22 mins
Once an Eagle,Anton Myrer,Length: 41 hrs and 20 mins
Sanctuary,Kelly Fox,Length: 6 hrs and 33 mins
Not Dead Yet,Phil Collins,Length: 12 hrs and 14 mins
Shutter Island,Dennis Lehane,Length: 9 hrs and 35 mins
Blue Highways,William Least Heat-Moon,Length: 17 hrs and 54 mins
First Life,Nathan Hystad,Length: 14 hrs and 46 mins
"Positioning, 20th Anniversary Edition","Al Ries,Jack Trout",Length: 4 hrs and 8 mins
Million Dollar Consulting (Fifth Edition),Alan Weiss,Length: 6 hrs and 21 mins
Brand New Cherry Flavor,Todd Grimson,Length: 15 hrs and 31 mins
Decolonizing Wealth (Second Edition),Edgar Villanueva,Length: 6 hrs and 27 mins
Outline,Rachel Cusk,Length: 7 hrs and 17 mins
The Worst Hard Time,Timothy Egan,Length: 12 hrs and 57 mins
Woman Last Seen,Adele Parks,Length: 11 hrs and 37 mins
Stop Fixing Yourself,Anthony De Mello,Length: 2 hrs and 56 mins
Liar's Poker,Michael Lewis,Length: 10 hrs and 16 mins
Roaring Liberty,Jean Grainger,Length: 8 hrs and 31 mins
Romeo and Juliet: The Fully Dramatized Audio Edition,William Shakespeare,Length: 2 hrs and 56 mins
Bastion,Phil Tucker,Length: 38 hrs and 23 mins
Emotional Inheritance,Galit Atlas,Length: 9 hrs and 3 mins
Have It All,Kris Krohn,Length: 7 hrs and 4 mins
Neglected,Cathy Glass,Length: 7 hrs and 53 mins
Blinded by the Night,Brett Battles,Length: 10 hrs and 47 mins
The EOS Life,Gino Wickman,Length: 5 hrs and 16 mins
The Demon’s Pet,Domino Savage,Length: 15 hrs and 28 mins
The Man from the Future,Ananyo Bhattacharya,Length: 11 hrs and 56 mins
The Economic Weapon,Nicholas Mulder,Length: 12 hrs and 25 mins
Run Rose Run,"Dolly Parton,James Patterson",Length: 10 hrs and 17 mins
Abundance,Deepak Chopra,Length: 7 hrs and 59 mins
Oath of Loyalty,"Vince Flynn,Kyle Mills",Length: 8 hrs and 30 mins
The Moral Case for Fossil Fuels,Alex Epstein,Length: 6 hrs and 11 mins
The Shining Girls,Lauren Beukes,Length: 10 hrs and 33 mins
Encounter,Shawn Bolz,Length: 5 hrs and 44 mins
These Hollow Vows,Lexi Ryan,Length: 13 hrs and 8 mins
Four Thousand Weeks,Oliver Burkeman,Length: 5 hrs and 54 mins
Taming Your Gremlin,Rick Carson,Length: 6 hrs and 2 mins
Every Day,David Levithan,Length: 8 hrs and 25 mins
The Start-Up of You,"Reid Hoffman,Ben Casnocha",Length: 6 hrs and 41 mins
The Vegetarian,Han Kang,Length: 5 hrs and 13 mins
Joy on Demand,Chade-Meng Tan,Length: 7 hrs and 7 mins
The Marshmallow Test,Walter Mischel,Length: 7 hrs and 54 mins
The Painted Bird,Jerzy Kosinski,Length: 10 hrs and 12 mins
The League of Gentlewomen Witches,India Holton,Length: 10 hrs and 31 mins
The Lying Club,Annie Ward,Length: 10 hrs and 38 mins
The Rooted Life,Justin Rhodes,Length: 5 hrs and 2 mins
"Calling in ""The One"" (Revised and Expanded)",Katherine Woodward Thomas,Length: 16 hrs and 5 mins
All That’s Left in the World,Erik J. Brown,Length: 10 hrs and 6 mins
Sounds Wild and Broken,David George Haskell,Length: 15 hrs and 34 mins
The City of Dusk,Tara Sim,Length: 24 hrs and 51 mins
La guía de los padres empáticos para criar a un niño ansioso [The Empathic Parent's Guide to Raising an Anxious Child],Freeda Meighan,Length: 1 hr and 36 mins
Inclusion Revolution,Daisy Auger-Domínguez,Length: 11 hrs and 9 mins
Follow the River,James Alexander Thom,Length: 16 hrs and 10 mins
Papillon,Henri Charrière,Length: 18 hrs and 19 mins
Dark Hunter’s Boon,I. T. Lucas,Length: 8 hrs and 24 mins
Ashes of Prospero,Gav Thorpe,Length: 9 hrs and 23 mins
GUTS,"Brian ""Iron Ed"" Hiner",Length: 6 hrs and 3 mins
The Least of Us,Sam Quinones,Length: 12 hrs and 49 mins
Fierce Love,Susan Scott,Length: 7 hrs and 45 mins
Flipped,Greg Bluestein,Length: 12 hrs and 37 mins
Angels of the Pacific,Elise Hooper,Length: 10 hrs and 56 mins
The Connected Child,"Karyn B. Purvis,David R. Cross,Wendy Lyons Sunshine",Length: 6 hrs and 49 mins
The Motorcycle Diaries,"Ernesto Che Guevara,Aleida Guevara - foreword",Length: 5 hrs and 28 mins
Six-Minute X-Ray,Chase Hughes,Length: 6 hrs and 13 mins
Fury,E. L. Todd,Length: 13 hrs and 11 mins
Capital Murder,Dan Willis,Length: 10 hrs and 35 mins
Mama Bear Apologetics Guide to Sexuality,"Hillary Morgan Ferrer,Amy Davison - contributor",Length: 9 hrs and 44 mins
The Difference Between Somehow and Someway,Aly Martinez,Length: 6 hrs and 14 mins
The Lawyer,Marni Mann,Length: 7 hrs and 46 mins
Her Hidden Genius,Marie Benedict,Length: 8 hrs and 45 mins
Fortitude,Dean M. Cole,Length: 11 hrs and 7 mins
Cold Sassy Tree,Olive Ann Burns,Length: 13 hrs and 6 mins
The Island at the Center of the World,Russell Shorto,Length: 14 hrs and 33 mins
Zanamus,B B Orange-Block,Length: 14 hrs and 13 mins
Fuccboi,Sean Thor Conroe,Length: 7 hrs and 25 mins
The Electricity of Every Living Thing,Katherine May,Length: 8 hrs and 34 mins
Refugee,Alan Gratz,Length: 7 hrs and 37 mins
The Confidence Game,Maria Konnikova,Length: 12 hrs and 29 mins
The Everything Store,Brad Stone,Length: 13 hrs
Skunk Works,"Ben R. Rich,Leo Janos",Length: 12 hrs and 8 mins
Setting the Table,Danny Meyer,Length: 5 hrs and 33 mins
Evicted,Matthew Desmond,Length: 11 hrs and 3 mins
Winter Is Coming,Garry Kasparov,Length: 11 hrs and 41 mins
Mountains Beyond Mountains,Tracy Kidder,Length: 10 hrs and 50 mins
Rezoom,"Susan Peirce Thompson PhD,Everett Considine",Length: 9 hrs and 58 mins
How to Make People Like You in 90 Seconds or Less,Nicholas Boothman,Length: 3 hrs and 10 mins
The North Water,Ian McGuire,Length: 9 hrs and 40 mins
127 Hours: Between a Rock and a Hard Place (Movie Tie- In),Aron Ralston,Length: 5 hrs and 22 mins
Blood Scion,Deborah Falaye,Length: 15 hrs and 27 mins
The Viscount Who Loved Me,Julia Quinn,Length: 12 hrs and 23 mins
Market Wizards,"Jack D. Schwager,Bruce Kovner,Richard Dennis,Paul Tudor Jones,Michael Steinhardt,Ed Seykota,Marty Schwartz,Tom Baldwin",Length: 14 hrs and 41 mins
Go Pro - 7 Steps to Becoming a Network Marketing Professional,Eric Worre,Length: 2 hrs and 49 mins
Inner Healing and Deliverance Handbook,Jennifer Eivaz,Length: 5 hrs and 40 mins
My Husband's Wife,Jane Corry,Length: 13 hrs and 50 mins
Vigor Mortis: Volume 2,"Natalie Maher,Thundamoo",Length: 22 hrs and 28 mins
The Choice,Nora Roberts,Length: 10 hrs
Wolf's Call,Auryn Hadley,Length: 16 hrs and 56 mins
I Contain Multitudes,Ed Yong,Length: 9 hrs and 52 mins
I Will Die in a Foreign Land,Kalani Pickhart,Length: 8 hrs and 5 mins
Beaten Black and Blue,Brandon Tatum,Length: 4 hrs and 39 mins
Positive Affirmations for Black Women,Mercedes Humphries,Length: 4 hrs and 5 mins
Doctor Scandalous,"J. Saman,Julie Saman",Length: 10 hrs and 58 mins
Fatal Affair,Marie Force,Length: 10 hrs and 37 mins
UnSelfie,Michele Borba Dr.,Length: 8 hrs and 22 mins
Miss Pearly's Girls,ReShonda Tate Billingsley,Length: 10 hrs and 28 mins
The Origins of Totalitarianism,Hannah Arendt,Length: 23 hrs and 23 mins
The Other Wes Moore,"Wes Moore,Tavis Smiley - afterword",Length: 6 hrs and 12 mins
Hotel on the Corner of Bitter and Sweet,Jamie Ford,Length: 10 hrs and 52 mins
The Marriage Secret,Carey Baldwin,Length: 8 hrs and 37 mins
The Best and the Brightest,David Halberstam,Length: 37 hrs and 4 mins
The Lovely Bones,Alice Sebold,Length: 10 hrs and 53 mins
Go Pro - 7 Steps to Becoming a Network Marketing Professional,Eric Worre,Length: 2 hrs and 49 mins
Inner Healing and Deliverance Handbook,Jennifer Eivaz,Length: 5 hrs and 40 mins
My Husband's Wife,Jane Corry,Length: 13 hrs and 50 mins
Vigor Mortis: Volume 2,"Natalie Maher,Thundamoo",Length: 22 hrs and 28 mins
The Choice,Nora Roberts,Length: 10 hrs
Wolf's Call,Auryn Hadley,Length: 16 hrs and 56 mins
I Contain Multitudes,Ed Yong,Length: 9 hrs and 52 mins
I Will Die in a Foreign Land,Kalani Pickhart,Length: 8 hrs and 5 mins
Beaten Black and Blue,Brandon Tatum,Length: 4 hrs and 39 mins
Positive Affirmations for Black Women,Mercedes Humphries,Length: 4 hrs and 5 mins
Doctor Scandalous,"J. Saman,Julie Saman",Length: 10 hrs and 58 mins
Fatal Affair,Marie Force,Length: 10 hrs and 37 mins
UnSelfie,Michele Borba Dr.,Length: 8 hrs and 22 mins
Miss Pearly's Girls,ReShonda Tate Billingsley,Length: 10 hrs and 28 mins
The Origins of Totalitarianism,Hannah Arendt,Length: 23 hrs and 23 mins
The Other Wes Moore,"Wes Moore,Tavis Smiley - afterword",Length: 6 hrs and 12 mins
Hotel on the Corner of Bitter and Sweet,Jamie Ford,Length: 10 hrs and 52 mins
The Marriage Secret,Carey Baldwin,Length: 8 hrs and 37 mins
The Best and the Brightest,David Halberstam,Length: 37 hrs and 4 mins
The Lovely Bones,Alice Sebold,Length: 10 hrs and 53 mins
